date,Team_1,Team_2,Winner,Margin,Ground
"Jan 12, 2011",South Africa,India,South Africa,135 runs,Durban
"Jan 15, 2011",South Africa,India,India,1 run,Johannesburg
"Jan 16, 2011",Australia,England,Australia,6 wickets,Melbourne
"Jan 18, 2011",South Africa,India,India,2 wickets,Cape Town
"Jan 21, 2011",Australia,England,Australia,46 runs,Hobart
"Jan 21, 2011",South Africa,India,South Africa,48 runs,Gqeberha
"Jan 22, 2011",New Zealand,Pakistan,New Zealand,9 wickets,Wellington
"Jan 23, 2011",Australia,England,Australia,4 wickets,Sydney
"Jan 23, 2011",South Africa,India,South Africa,33 runs,Centurion
"Jan 26, 2011",New Zealand,Pakistan,no result,-,Queenstown
"Jan 26, 2011",Australia,England,England,21 runs,Adelaide
"Jan 29, 2011",New Zealand,Pakistan,Pakistan,43 runs,Christchurch
"Jan 30, 2011",Australia,England,Australia,51 runs,Brisbane
"Jan 31, 2011",Sri Lanka,West Indies,no result,-,Colombo (SSC)
"Feb 1, 2011",New Zealand,Pakistan,Pakistan,2 wickets,Napier
"Feb 2, 2011",Australia,England,Australia,2 wickets,Sydney
"Feb 3, 2011",New Zealand,Pakistan,Pakistan,41 runs,Hamilton
"Feb 3, 2011",Sri Lanka,West Indies,Sri Lanka,8 wickets,Colombo (SSC)
"Feb 5, 2011",New Zealand,Pakistan,New Zealand,57 runs,Auckland
"Feb 6, 2011",Australia,England,Australia,57 runs,Perth
"Feb 6, 2011",Sri Lanka,West Indies,Sri Lanka,26 runs,Colombo (SSC)
"Feb 19, 2011",Bangladesh,India,India,87 runs,Mirpur
"Feb 20, 2011",Kenya,New Zealand,New Zealand,10 wickets,Chennai
"Feb 20, 2011",Sri Lanka,Canada,Sri Lanka,210 runs,Hambantota
"Feb 21, 2011",Australia,Zimbabwe,Australia,91 runs,Ahmedabad
"Feb 22, 2011",England,Netherlands,England,6 wickets,Nagpur
"Feb 23, 2011",Kenya,Pakistan,Pakistan,205 runs,Hambantota
"Feb 24, 2011",South Africa,West Indies,South Africa,7 wickets,Delhi
"Feb 25, 2011",Australia,New Zealand,Australia,7 wickets,Nagpur
"Feb 25, 2011",Bangladesh,Ireland,Bangladesh,27 runs,Mirpur
"Feb 26, 2011",Sri Lanka,Pakistan,Pakistan,11 runs,Colombo (RPS)
"Feb 27, 2011",India,England,tied,-,Bengaluru
"Feb 28, 2011",Canada,Zimbabwe,Zimbabwe,175 runs,Nagpur
"Feb 28, 2011",Netherlands,West Indies,West Indies,215 runs,Delhi
"Mar 1, 2011",Sri Lanka,Kenya,Sri Lanka,9 wickets,Colombo (RPS)
"Mar 2, 2011",England,Ireland,Ireland,3 wickets,Bengaluru
"Mar 3, 2011",Netherlands,South Africa,South Africa,231 runs,Mohali
"Mar 3, 2011",Canada,Pakistan,Pakistan,46 runs,Colombo (RPS)
"Mar 4, 2011",New Zealand,Zimbabwe,New Zealand,10 wickets,Ahmedabad
"Mar 4, 2011",Bangladesh,West Indies,West Indies,9 wickets,Mirpur
"Mar 5, 2011",Sri Lanka,Australia,no result,-,Colombo (RPS)
"Mar 6, 2011",England,South Africa,England,6 runs,Chennai
"Mar 6, 2011",India,Ireland,India,5 wickets,Bengaluru
"Mar 7, 2011",Canada,Kenya,Canada,5 wickets,Delhi
"Mar 8, 2011",New Zealand,Pakistan,New Zealand,110 runs,Pallekele
"Mar 9, 2011",India,Netherlands,India,5 wickets,Delhi
"Mar 10, 2011",Sri Lanka,Zimbabwe,Sri Lanka,139 runs,Pallekele
"Mar 11, 2011",Ireland,West Indies,West Indies,44 runs,Mohali
"Mar 11, 2011",Bangladesh,England,Bangladesh,2 wickets,Chattogram
"Mar 12, 2011",India,South Africa,South Africa,3 wickets,Nagpur
"Mar 13, 2011",Canada,New Zealand,New Zealand,97 runs,Wankhede
"Mar 13, 2011",Australia,Kenya,Australia,60 runs,Bengaluru
"Mar 14, 2011",Bangladesh,Netherlands,Bangladesh,6 wickets,Chattogram
"Mar 14, 2011",Pakistan,Zimbabwe,Pakistan,7 wickets,Pallekele
"Mar 15, 2011",Ireland,South Africa,South Africa,131 runs,Eden Gardens
"Mar 16, 2011",Australia,Canada,Australia,7 wickets,Bengaluru
"Mar 17, 2011",England,West Indies,England,18 runs,Chennai
"Mar 18, 2011",Ireland,Netherlands,Ireland,6 wickets,Eden Gardens
"Mar 18, 2011",New Zealand,Sri Lanka,Sri Lanka,112 runs,Wankhede
"Mar 19, 2011",Bangladesh,South Africa,South Africa,206 runs,Mirpur
"Mar 19, 2011",Australia,Pakistan,Pakistan,4 wickets,Colombo (RPS)
"Mar 20, 2011",Kenya,Zimbabwe,Zimbabwe,161 runs,Eden Gardens
"Mar 20, 2011",India,West Indies,India,80 runs,Chennai
"Mar 23, 2011",Pakistan,West Indies,Pakistan,10 wickets,Mirpur
"Mar 24, 2011",India,Australia,India,5 wickets,Ahmedabad
"Mar 25, 2011",New Zealand,South Africa,New Zealand,49 runs,Mirpur
"Mar 26, 2011",Sri Lanka,England,Sri Lanka,10 wickets,Colombo (RPS)
"Mar 29, 2011",Sri Lanka,New Zealand,Sri Lanka,5 wickets,Colombo (RPS)
"Mar 30, 2011",India,Pakistan,India,29 runs,Mohali
"Apr 2, 2011",India,Sri Lanka,India,6 wickets,Wankhede
"Apr 9, 2011",Bangladesh,Australia,Australia,60 runs,Mirpur
"Apr 11, 2011",Bangladesh,Australia,Australia,9 wickets,Mirpur
"Apr 13, 2011",Bangladesh,Australia,Australia,66 runs,Mirpur
"Apr 23, 2011",West Indies,Pakistan,Pakistan,8 wickets,Gros Islet
"Apr 25, 2011",West Indies,Pakistan,Pakistan,7 wickets,Gros Islet
"Apr 28, 2011",West Indies,Pakistan,Pakistan,3 wickets,Bridgetown
"May 2, 2011",West Indies,Pakistan,West Indies,1 run,Bridgetown
"May 5, 2011",West Indies,Pakistan,West Indies,10 wickets,Providence
"May 28, 2011",Ireland,Pakistan,Pakistan,7 wickets,Belfast
"May 30, 2011",Ireland,Pakistan,Pakistan,5 wickets,Belfast
"Jun 6, 2011",West Indies,India,India,4 wickets,Port of Spain
"Jun 8, 2011",West Indies,India,India,7 wickets,Port of Spain
"Jun 11, 2011",West Indies,India,India,3 wickets,North Sound
"Jun 13, 2011",West Indies,India,West Indies,103 runs,North Sound
"Jun 16, 2011",West Indies,India,West Indies,7 wickets,Kingston
"Jun 28, 2011",Scotland,Netherlands,Scotland,15 runs,Aberdeen
"Jun 28, 2011",England,Sri Lanka,England,110 runs,The Oval
"Jun 29, 2011",Scotland,Netherlands,Scotland,5 wickets,Aberdeen
"Jul 1, 2011",England,Sri Lanka,Sri Lanka,69 runs,Leeds
"Jul 3, 2011",England,Sri Lanka,Sri Lanka,6 wickets,Lord's
"Jul 6, 2011",England,Sri Lanka,England,10 wickets,Nottingham
"Jul 9, 2011",England,Sri Lanka,England,16 runs,Manchester
"Jul 12, 2011",Scotland,Ireland,Scotland,5 wickets,Edinburgh
"Jul 13, 2011",Scotland,Sri Lanka,Sri Lanka,183 runs,Edinburgh
"Aug 7, 2011",Canada,Afghanistan,Afghanistan,2 wickets,King City (NW)
"Aug 9, 2011",Canada,Afghanistan,Afghanistan,17 runs,Toronto
"Aug 10, 2011",Sri Lanka,Australia,Australia,7 wickets,Pallekele
"Aug 12, 2011",Zimbabwe,Bangladesh,Zimbabwe,4 wickets,Harare
"Aug 14, 2011",Zimbabwe,Bangladesh,Zimbabwe,7 wickets,Harare
"Aug 14, 2011",Sri Lanka,Australia,Australia,8 wickets,Hambantota
"Aug 16, 2011",Zimbabwe,Bangladesh,Zimbabwe,5 runs,Harare
"Aug 16, 2011",Sri Lanka,Australia,Sri Lanka,78 runs,Hambantota
"Aug 19, 2011",Zimbabwe,Bangladesh,Bangladesh,6 wickets,Bulawayo
"Aug 20, 2011",Sri Lanka,Australia,Australia,5 wickets,Colombo (RPS)
"Aug 21, 2011",Zimbabwe,Bangladesh,Bangladesh,93 runs,Bulawayo
"Aug 22, 2011",Sri Lanka,Australia,Sri Lanka,4 wickets,Colombo (RPS)
"Aug 25, 2011",Ireland,England,England,11 runs,Dublin
"Sep 3, 2011",England,India,no result,-,Chester-le-Street
"Sep 6, 2011",England,India,England,7 wickets,Southampton
"Sep 8, 2011",Zimbabwe,Pakistan,Pakistan,5 runs,Bulawayo
"Sep 9, 2011",England,India,England,3 wickets,The Oval
"Sep 11, 2011",Zimbabwe,Pakistan,Pakistan,10 wickets,Harare
"Sep 11, 2011",England,India,tied,-,Lord's
"Sep 12, 2011",Netherlands,Kenya,Netherlands,2 wickets,The Hague
"Sep 13, 2011",Netherlands,Kenya,Netherlands,4 wickets,The Hague
"Sep 14, 2011",Zimbabwe,Pakistan,Pakistan,28 runs,Harare
"Sep 16, 2011",England,India,England,6 wickets,Cardiff
"Sep 19, 2011",Ireland,Canada,Ireland,133 runs,Dublin
"Sep 20, 2011",Ireland,Canada,Ireland,56 runs,Dublin
"Oct 13, 2011",Bangladesh,West Indies,West Indies,40 runs,Mirpur
"Oct 14, 2011",India,England,India,126 runs,Hyderabad
"Oct 15, 2011",Bangladesh,West Indies,West Indies,8 wickets,Mirpur
"Oct 17, 2011",India,England,India,8 wickets,Delhi
"Oct 18, 2011",Bangladesh,West Indies,Bangladesh,8 wickets,Chattogram
"Oct 19, 2011",South Africa,Australia,Australia,93 runs,Centurion
"Oct 20, 2011",Zimbabwe,New Zealand,New Zealand,9 wickets,Harare
"Oct 20, 2011",India,England,India,5 wickets,Mohali
"Oct 22, 2011",Zimbabwe,New Zealand,New Zealand,4 wickets,Harare
"Oct 23, 2011",India,England,India,6 wickets,Wankhede
"Oct 23, 2011",South Africa,Australia,South Africa,80 runs,Gqeberha
"Oct 25, 2011",Zimbabwe,New Zealand,Zimbabwe,1 wicket,Bulawayo
"Oct 25, 2011",India,England,India,95 runs,Eden Gardens
"Oct 28, 2011",South Africa,Australia,Australia,3 wickets,Durban
"Nov 11, 2011",Pakistan,Sri Lanka,Pakistan,8 wickets,Dubai (DSC)
"Nov 14, 2011",Pakistan,Sri Lanka,Sri Lanka,25 runs,Dubai (DSC)
"Nov 18, 2011",Pakistan,Sri Lanka,Pakistan,21 runs,Dubai (DSC)
"Nov 20, 2011",Pakistan,Sri Lanka,Pakistan,26 runs,Sharjah
"Nov 23, 2011",Pakistan,Sri Lanka,Pakistan,3 wickets,Abu Dhabi
"Nov 29, 2011",India,West Indies,India,1 wicket,Cuttack
"Dec 1, 2011",Bangladesh,Pakistan,Pakistan,5 wickets,Mirpur
"Dec 2, 2011",India,West Indies,India,5 wickets,Visakhapatnam
"Dec 3, 2011",Bangladesh,Pakistan,Pakistan,76 runs,Mirpur
"Dec 5, 2011",India,West Indies,West Indies,16 runs,Ahmedabad
"Dec 6, 2011",Bangladesh,Pakistan,Pakistan,58 runs,Chattogram
"Dec 8, 2011",India,West Indies,India,153 runs,Indore
"Dec 11, 2011",India,West Indies,India,34 runs,Chennai
"Jan 11, 2012",South Africa,Sri Lanka,South Africa,258 runs,Paarl
"Jan 14, 2012",South Africa,Sri Lanka,South Africa,5 wickets,East London
"Jan 17, 2012",South Africa,Sri Lanka,South Africa,4 runs,Bloemfontein
"Jan 20, 2012",South Africa,Sri Lanka,Sri Lanka,5 wickets,Kimberley
"Jan 22, 2012",South Africa,Sri Lanka,Sri Lanka,2 wickets,Johannesburg
"Feb 3, 2012",New Zealand,Zimbabwe,New Zealand,90 runs,Dunedin
"Feb 5, 2012",Australia,India,Australia,65 runs,Melbourne
"Feb 6, 2012",New Zealand,Zimbabwe,New Zealand,141 runs,Whangarei
"Feb 8, 2012",India,Sri Lanka,India,4 wickets,Perth
"Feb 9, 2012",New Zealand,Zimbabwe,New Zealand,202 runs,Napier
"Feb 10, 2012",Australia,Sri Lanka,Australia,5 runs,Perth
"Feb 10, 2012",Afghanistan,Pakistan,Pakistan,7 wickets,Sharjah
"Feb 12, 2012",Australia,India,India,4 wickets,Adelaide
"Feb 13, 2012",England,Pakistan,England,130 runs,Abu Dhabi
"Feb 14, 2012",India,Sri Lanka,tied,-,Adelaide
"Feb 15, 2012",England,Pakistan,England,20 runs,Abu Dhabi
"Feb 17, 2012",Australia,Sri Lanka,Sri Lanka,8 wickets,Sydney
"Feb 18, 2012",Kenya,Ireland,Kenya,7 wickets,Mombasa
"Feb 18, 2012",England,Pakistan,England,9 wickets,Dubai (DSC)
"Feb 19, 2012",Australia,India,Australia,110 runs,Brisbane
"Feb 20, 2012",Kenya,Ireland,Ireland,117 runs,Mombasa
"Feb 21, 2012",India,Sri Lanka,Sri Lanka,51 runs,Brisbane
"Feb 21, 2012",England,Pakistan,England,4 wickets,Dubai (DSC)
"Feb 24, 2012",Australia,Sri Lanka,Sri Lanka,3 wickets,Hobart
"Feb 25, 2012",New Zealand,South Africa,South Africa,6 wickets,Wellington
"Feb 26, 2012",Australia,India,Australia,87 runs,Sydney
"Feb 28, 2012",India,Sri Lanka,India,7 wickets,Hobart
"Feb 29, 2012",New Zealand,South Africa,South Africa,6 wickets,Napier
"Mar 2, 2012",Australia,Sri Lanka,Sri Lanka,9 runs,Melbourne
"Mar 3, 2012",New Zealand,South Africa,South Africa,5 wickets,Auckland
"Mar 4, 2012",Australia,Sri Lanka,Australia,15 runs,Brisbane
"Mar 6, 2012",Australia,Sri Lanka,Sri Lanka,8 wickets,Adelaide
"Mar 8, 2012",Australia,Sri Lanka,Australia,16 runs,Adelaide
"Mar 11, 2012",Bangladesh,Pakistan,Pakistan,21 runs,Mirpur
"Mar 13, 2012",India,Sri Lanka,India,50 runs,Mirpur
"Mar 15, 2012",Pakistan,Sri Lanka,Pakistan,6 wickets,Mirpur
"Mar 16, 2012",Bangladesh,India,Bangladesh,5 wickets,Mirpur
"Mar 16, 2012",West Indies,Australia,Australia,64 runs,Kingstown
"Mar 18, 2012",India,Pakistan,India,6 wickets,Mirpur
"Mar 18, 2012",West Indies,Australia,West Indies,5 wickets,Kingstown
"Mar 20, 2012",Bangladesh,Sri Lanka,Bangladesh,5 wickets,Mirpur
"Mar 20, 2012",West Indies,Australia,tied,-,Kingstown
"Mar 22, 2012",Bangladesh,Pakistan,Pakistan,2 runs,Mirpur
"Mar 23, 2012",West Indies,Australia,West Indies,42 runs,Gros Islet
"Mar 25, 2012",West Indies,Australia,Australia,30 runs,Gros Islet
"Mar 29, 2012",Afghanistan,Netherlands,Netherlands,9 wickets,Sharjah
"Mar 31, 2012",Afghanistan,Netherlands,Afghanistan,5 wickets,Sharjah
"Jun 7, 2012",Sri Lanka,Pakistan,Pakistan,6 wickets,Pallekele
"Jun 9, 2012",Sri Lanka,Pakistan,Sri Lanka,76 runs,Pallekele
"Jun 13, 2012",Sri Lanka,Pakistan,no result,-,Colombo (RPS)
"Jun 16, 2012",Sri Lanka,Pakistan,Sri Lanka,44 runs,Colombo (RPS)
"Jun 16, 2012",England,West Indies,England,114 runs,Southampton
"Jun 18, 2012",Sri Lanka,Pakistan,Sri Lanka,2 wickets,Colombo (RPS)
"Jun 19, 2012",England,West Indies,England,8 wickets,The Oval
"Jun 23, 2012",Ireland,Australia,no result,-,Belfast
"Jun 29, 2012",England,Australia,England,15 runs,Lord's
"Jul 1, 2012",England,Australia,England,6 wickets,The Oval
"Jul 5, 2012",Ireland,Afghanistan,Ireland,59 runs,Dublin
"Jul 5, 2012",West Indies,New Zealand,West Indies,9 wickets,Kingston
"Jul 7, 2012",England,Australia,England,8 wickets,Chester-le-Street
"Jul 7, 2012",West Indies,New Zealand,West Indies,55 runs,Kingston
"Jul 10, 2012",England,Australia,England,7 wickets,Manchester
"Jul 11-12, 2012",Scotland,Canada,Scotland,4 wickets,Ayr
"Jul 11, 2012",West Indies,New Zealand,New Zealand,88 runs,Basseterre
"Jul 14, 2012",West Indies,New Zealand,West Indies,24 runs,Basseterre
"Jul 16, 2012",West Indies,New Zealand,West Indies,20 runs,Basseterre
"Jul 21, 2012",Sri Lanka,India,India,21 runs,Hambantota
"Jul 24, 2012",Sri Lanka,India,Sri Lanka,9 wickets,Hambantota
"Jul 28, 2012",Sri Lanka,India,India,5 wickets,Colombo (RPS)
"Jul 31, 2012",Sri Lanka,India,India,6 wickets,Colombo (RPS)
"Aug 4, 2012",Sri Lanka,India,India,20 runs,Pallekele
"Aug 24, 2012",England,South Africa,no result,-,Cardiff
"Aug 25, 2012",Afghanistan,Australia,Australia,66 runs,Sharjah
"Aug 28, 2012",England,South Africa,South Africa,80 runs,Southampton
"Aug 28, 2012",Australia,Pakistan,Australia,4 wickets,Sharjah
"Aug 31, 2012",England,South Africa,England,4 wickets,The Oval
"Aug 31, 2012",Australia,Pakistan,Pakistan,7 wickets,Abu Dhabi
"Sep 2, 2012",England,South Africa,England,6 wickets,Lord's
"Sep 3, 2012",Australia,Pakistan,Australia,3 wickets,Sharjah
"Sep 5, 2012",England,South Africa,South Africa,7 wickets,Nottingham
"Nov 4, 2012",Sri Lanka,New Zealand,Sri Lanka,14 runs,Pallekele
"Nov 6, 2012",Sri Lanka,New Zealand,Sri Lanka,7 wickets,Pallekele
"Nov 10, 2012",Sri Lanka,New Zealand,Sri Lanka,7 wickets,Hambantota
"Nov 12, 2012",Sri Lanka,New Zealand,no result,-,Hambantota
"Nov 30, 2012",Bangladesh,West Indies,Bangladesh,7 wickets,Khulna
"Dec 2, 2012",Bangladesh,West Indies,Bangladesh,160 runs,Khulna
"Dec 5, 2012",Bangladesh,West Indies,West Indies,4 wickets,Mirpur
"Dec 7, 2012",Bangladesh,West Indies,West Indies,75 runs,Mirpur
"Dec 8, 2012",Bangladesh,West Indies,Bangladesh,2 wickets,Mirpur
"Dec 30, 2012",India,Pakistan,Pakistan,6 wickets,Chennai
"Jan 3, 2013",India,Pakistan,Pakistan,85 runs,Eden Gardens
"Jan 6, 2013",India,Pakistan,India,10 runs,Delhi
"Jan 11, 2013",Australia,Sri Lanka,Australia,107 runs,Melbourne
"Jan 11, 2013",India,England,England,9 runs,Rajkot
"Jan 13, 2013",Australia,Sri Lanka,Sri Lanka,8 wickets,Adelaide
"Jan 15, 2013",India,England,India,127 runs,Kochi
"Jan 18, 2013",Australia,Sri Lanka,Sri Lanka,4 wickets,Brisbane
"Jan 19, 2013",India,England,India,7 wickets,Ranchi
"Jan 19, 2013",South Africa,New Zealand,New Zealand,1 wicket,Paarl
"Jan 20, 2013",Australia,Sri Lanka,no result,-,Sydney
"Jan 22, 2013",South Africa,New Zealand,New Zealand,27 runs,Kimberley
"Jan 23, 2013",Australia,Sri Lanka,Australia,32 runs,Hobart
"Jan 23, 2013",India,England,India,5 wickets,Mohali
"Jan 25, 2013",South Africa,New Zealand,South Africa,1 wicket,Potchefstroom
"Jan 27, 2013",India,England,England,7 wickets,Dharamsala
"Feb 1, 2013",Australia,West Indies,Australia,9 wickets,Perth
"Feb 3, 2013",Australia,West Indies,Australia,54 runs,Perth
"Feb 6, 2013",Australia,West Indies,Australia,39 runs,Canberra
"Feb 8, 2013",Australia,West Indies,Australia,5 wickets,Sydney
"Feb 10, 2013",Australia,West Indies,Australia,17 runs,Melbourne
"Feb 17, 2013",New Zealand,England,New Zealand,3 wickets,Hamilton
"Feb 20, 2013",New Zealand,England,England,8 wickets,Napier
"Feb 22, 2013",West Indies,Zimbabwe,West Indies,156 runs,St George's
"Feb 23, 2013",New Zealand,England,England,5 wickets,Auckland
"Feb 24, 2013",West Indies,Zimbabwe,West Indies,7 wickets,St George's
"Feb 26, 2013",West Indies,Zimbabwe,West Indies,5 wickets,St George's
"Mar 6, 2013",Afghanistan,Scotland,Afghanistan,7 wickets,Sharjah
"Mar 8, 2013",Afghanistan,Scotland,Afghanistan,5 wickets,Sharjah
"Mar 10, 2013",South Africa,Pakistan,South Africa,125 runs,Bloemfontein
"Mar 11, 2013",Canada,Kenya,Kenya,6 wickets,ICCA Dubai
"Mar 13, 2013",Canada,Kenya,Kenya,6 wickets,ICCA Dubai
"Mar 15, 2013",South Africa,Pakistan,Pakistan,6 wickets,Centurion
"Mar 17, 2013",South Africa,Pakistan,South Africa,34 runs,Johannesburg
"Mar 21, 2013",South Africa,Pakistan,Pakistan,3 wickets,Durban
"Mar 23, 2013",Sri Lanka,Bangladesh,Sri Lanka,8 wickets,Hambantota
"Mar 24, 2013",South Africa,Pakistan,South Africa,6 wickets,Benoni
"Mar 25, 2013",Sri Lanka,Bangladesh,no result,-,Hambantota
"Mar 28, 2013",Sri Lanka,Bangladesh,Bangladesh,3 wickets,Pallekele
"May 3, 2013",Zimbabwe,Bangladesh,Bangladesh,121 runs,Bulawayo
"May 5, 2013",Zimbabwe,Bangladesh,Zimbabwe,6 wickets,Bulawayo
"May 8, 2013",Zimbabwe,Bangladesh,Zimbabwe,7 wickets,Bulawayo
"May 17, 2013",Scotland,Pakistan,Pakistan,96 runs,Edinburgh
"May 23, 2013",Ireland,Pakistan,tied,-,Dublin
"May 26, 2013",Ireland,Pakistan,Pakistan,2 wickets,Dublin
"May 31, 2013",Netherlands,South Africa,South Africa,83 runs,Amstelveen
"May 31, 2013",England,New Zealand,New Zealand,5 wickets,Lord's
"Jun 2, 2013",England,New Zealand,New Zealand,86 runs,Southampton
"Jun 5, 2013",England,New Zealand,England,34 runs,Nottingham
"Jun 6, 2013",India,South Africa,India,26 runs,Cardiff
"Jun 7, 2013",Pakistan,West Indies,West Indies,2 wickets,The Oval
"Jun 8, 2013",England,Australia,England,48 runs,Birmingham
"Jun 9, 2013",New Zealand,Sri Lanka,New Zealand,1 wicket,Cardiff
"Jun 10, 2013",Pakistan,South Africa,South Africa,67 runs,Birmingham
"Jun 11, 2013",India,West Indies,India,8 wickets,The Oval
"Jun 12, 2013",Australia,New Zealand,no result,-,Birmingham
"Jun 13, 2013",England,Sri Lanka,Sri Lanka,7 wickets,The Oval
"Jun 14, 2013",South Africa,West Indies,tied,-,Cardiff
"Jun 15, 2013",India,Pakistan,India,8 wickets,Birmingham
"Jun 16, 2013",England,New Zealand,England,10 runs,Cardiff
"Jun 17, 2013",Australia,Sri Lanka,Sri Lanka,20 runs,The Oval
"Jun 19, 2013",England,South Africa,England,7 wickets,The Oval
"Jun 20, 2013",India,Sri Lanka,India,8 wickets,Cardiff
"Jun 23, 2013",England,India,India,5 runs,Birmingham
"Jun 28, 2013",West Indies,Sri Lanka,West Indies,6 wickets,Kingston
"Jun 30, 2013",Scotland,Kenya,Scotland,12 runs,Aberdeen
"Jun 30, 2013",West Indies,India,West Indies,1 wicket,Kingston
"Jul 2-3, 2013",Scotland,Kenya,Scotland,4 wickets,Aberdeen
"Jul 2, 2013",India,Sri Lanka,Sri Lanka,161 runs,Kingston
"Jul 5, 2013",West Indies,India,India,102 runs,Port of Spain
"Jul 7, 2013",Netherlands,Ireland,Ireland,88 runs,Amstelveen
"Jul 7-8, 2013",West Indies,Sri Lanka,Sri Lanka,39 runs,Port of Spain
"Jul 9, 2013",Netherlands,Ireland,tied,-,Amstelveen
"Jul 9, 2013",India,Sri Lanka,India,81 runs,Port of Spain
"Jul 11, 2013",India,Sri Lanka,India,1 wicket,Port of Spain
"Jul 14, 2013",West Indies,Pakistan,Pakistan,126 runs,Providence
"Jul 16, 2013",West Indies,Pakistan,West Indies,37 runs,Providence
"Jul 19, 2013",West Indies,Pakistan,tied,-,Gros Islet
"Jul 20, 2013",Sri Lanka,South Africa,Sri Lanka,180 runs,Colombo (RPS)
"Jul 21, 2013",West Indies,Pakistan,Pakistan,6 wickets,Gros Islet
"Jul 23, 2013",Sri Lanka,South Africa,Sri Lanka,17 runs,Colombo (RPS)
"Jul 24, 2013",Zimbabwe,India,India,6 wickets,Harare
"Jul 24, 2013",West Indies,Pakistan,Pakistan,4 wickets,Gros Islet
"Jul 26, 2013",Zimbabwe,India,India,58 runs,Harare
"Jul 26, 2013",Sri Lanka,South Africa,South Africa,56 runs,Pallekele
"Jul 28, 2013",Zimbabwe,India,India,7 wickets,Harare
"Jul 28, 2013",Sri Lanka,South Africa,Sri Lanka,8 wickets,Pallekele
"Jul 31, 2013",Sri Lanka,South Africa,Sri Lanka,128 runs,Colombo (RPS)
"Aug 1, 2013",Zimbabwe,India,India,9 wickets,Bulawayo
"Aug 3, 2013",Zimbabwe,India,India,7 wickets,Bulawayo
"Aug 27, 2013",Zimbabwe,Pakistan,Zimbabwe,7 wickets,Harare
"Aug 27-28, 2013",Canada,Netherlands,no result,-,King City (NW)
"Aug 29, 2013",Zimbabwe,Pakistan,Pakistan,90 runs,Harare
"Aug 29, 2013",Canada,Netherlands,Netherlands,9 wickets,King City (NW)
"Aug 31, 2013",Zimbabwe,Pakistan,Pakistan,108 runs,Harare
"Sep 3, 2013",Ireland,England,England,6 wickets,Dublin (Malahide)
"Sep 3, 2013",Scotland,Australia,Australia,200 runs,Edinburgh
"Sep 6, 2013",Ireland,Scotland,Ireland,1 wicket,Belfast
"Sep 8, 2013",England,Australia,Australia,88 runs,Manchester
"Sep 8, 2013",Ireland,Scotland,Ireland,7 wickets,Belfast
"Sep 11, 2013",England,Australia,no result,-,Birmingham
"Sep 14, 2013",England,Australia,England,3 wickets,Cardiff
"Sep 16, 2013",England,Australia,Australia,49 runs,Southampton
"Oct 2, 2013",Afghanistan,Kenya,Afghanistan,8 wickets,Sharjah
"Oct 4, 2013",Afghanistan,Kenya,Afghanistan,7 wickets,Sharjah
"Oct 13, 2013",India,Australia,Australia,72 runs,Pune
"Oct 16, 2013",India,Australia,India,9 wickets,Jaipur
"Oct 19, 2013",India,Australia,Australia,4 wickets,Mohali
"Oct 23, 2013",India,Australia,no result,-,Ranchi
"Oct 29, 2013",Bangladesh,New Zealand,Bangladesh,43 runs,Mirpur
"Oct 30, 2013",India,Australia,India,6 wickets,Nagpur
"Oct 30, 2013",Pakistan,South Africa,South Africa,1 run,Sharjah
"Oct 31, 2013",Bangladesh,New Zealand,Bangladesh,40 runs,Mirpur
"Nov 1, 2013",Pakistan,South Africa,Pakistan,66 runs,Dubai (DSC)
"Nov 2, 2013",India,Australia,India,57 runs,Bengaluru
"Nov 3, 2013",Bangladesh,New Zealand,Bangladesh,4 wickets,Fatullah
"Nov 6, 2013",Pakistan,South Africa,South Africa,68 runs,Abu Dhabi
"Nov 8, 2013",Pakistan,South Africa,South Africa,28 runs,Abu Dhabi
"Nov 10, 2013",Sri Lanka,New Zealand,no result,-,Hambantota
"Nov 11, 2013",Pakistan,South Africa,South Africa,117 runs,Sharjah
"Nov 12, 2013",Sri Lanka,New Zealand,New Zealand,4 wickets,Hambantota
"Nov 16, 2013",Sri Lanka,New Zealand,Sri Lanka,36 runs,Dambulla
"Nov 21, 2013",India,West Indies,India,6 wickets,Kochi
"Nov 24, 2013",India,West Indies,West Indies,2 wickets,Visakhapatnam
"Nov 24, 2013",South Africa,Pakistan,Pakistan,23 runs,Cape Town
"Nov 27, 2013",India,West Indies,India,5 wickets,Kanpur
"Nov 27, 2013",South Africa,Pakistan,Pakistan,1 run,Gqeberha
"Nov 30, 2013",South Africa,Pakistan,South Africa,4 wickets,Centurion
"Dec 5, 2013",South Africa,India,South Africa,141 runs,Johannesburg
"Dec 8, 2013",South Africa,India,South Africa,134 runs,Durban
"Dec 11, 2013",South Africa,India,no result,-,Centurion
"Dec 18, 2013",Pakistan,Sri Lanka,Pakistan,11 runs,Sharjah
"Dec 20, 2013",Pakistan,Sri Lanka,Sri Lanka,2 wickets,Dubai (DSC)
"Dec 22, 2013",Pakistan,Sri Lanka,Pakistan,113 runs,Sharjah
"Dec 25, 2013",Pakistan,Sri Lanka,Pakistan,8 wickets,Abu Dhabi
"Dec 26, 2013",New Zealand,West Indies,West Indies,2 wickets,Auckland
"Dec 27, 2013",Pakistan,Sri Lanka,Sri Lanka,2 wickets,Abu Dhabi
"Jan 1, 2014",New Zealand,West Indies,New Zealand,159 runs,Queenstown
"Jan 4, 2014",New Zealand,West Indies,New Zealand,58 runs,Nelson
"Jan 8, 2014",New Zealand,West Indies,West Indies,203 runs,Hamilton
"Jan 12, 2014",Australia,England,Australia,6 wickets,Melbourne
"Jan 17, 2014",Australia,England,Australia,1 wicket,Brisbane
"Jan 19, 2014",New Zealand,India,New Zealand,24 runs,Napier
"Jan 19, 2014",Australia,England,Australia,7 wickets,Sydney
"Jan 22, 2014",New Zealand,India,New Zealand,15 runs,Hamilton
"Jan 23, 2014",Canada,Scotland,Scotland,170 runs,Christchurch
"Jan 23, 2014",Kenya,Netherlands,Kenya,4 wickets,Lincoln
"Jan 24, 2014",Australia,England,England,57 runs,Perth
"Jan 25, 2014",New Zealand,India,tied,-,Auckland
"Jan 26, 2014",Australia,England,Australia,5 runs,Adelaide
"Jan 28, 2014",Canada,Netherlands,Netherlands,8 wickets,Mount Maunganui
"Jan 28, 2014",New Zealand,India,New Zealand,7 wickets,Hamilton
"Jan 30, 2014",Kenya,Scotland,Scotland,3 wickets,Christchurch
"Jan 31, 2014",New Zealand,India,New Zealand,87 runs,Wellington
"Feb 1, 2014",Scotland,U.A.E.,Scotland,41 runs,Lincoln
"Feb 17, 2014",Bangladesh,Sri Lanka,Sri Lanka,13 runs,Mirpur
"Feb 20, 2014",Bangladesh,Sri Lanka,Sri Lanka,61 runs,Mirpur
"Feb 22, 2014",Bangladesh,Sri Lanka,Sri Lanka,6 wickets,Mirpur
"Feb 23, 2014",West Indies,Ireland,West Indies,4 wickets,Kingston
"Feb 25, 2014",Pakistan,Sri Lanka,Sri Lanka,12 runs,Fatullah
"Feb 26, 2014",Bangladesh,India,India,6 wickets,Fatullah
"Feb 27, 2014",Afghanistan,Pakistan,Pakistan,72 runs,Fatullah
"Feb 28, 2014",India,Sri Lanka,Sri Lanka,2 wickets,Fatullah
"Feb 28, 2014",West Indies,England,West Indies,15 runs,North Sound
"Mar 1, 2014",Bangladesh,Afghanistan,Afghanistan,32 runs,Fatullah
"Mar 2, 2014",India,Pakistan,Pakistan,1 wicket,Mirpur
"Mar 2, 2014",West Indies,England,England,3 wickets,North Sound
"Mar 3, 2014",Afghanistan,Sri Lanka,Sri Lanka,129 runs,Mirpur
"Mar 4, 2014",Bangladesh,Pakistan,Pakistan,3 wickets,Mirpur
"Mar 5, 2014",Afghanistan,India,India,8 wickets,Mirpur
"Mar 5, 2014",West Indies,England,England,25 runs,North Sound
"Mar 6, 2014",Bangladesh,Sri Lanka,Sri Lanka,3 wickets,Mirpur
"Mar 8, 2014",Pakistan,Sri Lanka,Sri Lanka,5 wickets,Mirpur
"May 1, 2014",Afghanistan,Hong Kong,Afghanistan,6 wickets,Kuala Lumpur
"May 2, 2014",Afghanistan,U.A.E.,Afghanistan,70 runs,Kuala Lumpur
"May 4, 2014",Hong Kong,U.A.E.,U.A.E.,2 wickets,Kuala Lumpur
"May 6, 2014",Ireland,Sri Lanka,Sri Lanka,79 runs,Dublin
"May 9, 2014",Scotland,England,England,39 runs,Aberdeen
"May 22, 2014",England,Sri Lanka,England,81 runs,The Oval
"May 25, 2014",England,Sri Lanka,Sri Lanka,157 runs,Chester-le-Street
"May 28, 2014",England,Sri Lanka,England,10 wickets,Manchester
"May 31, 2014",England,Sri Lanka,Sri Lanka,7 runs,Lord's
"Jun 3, 2014",England,Sri Lanka,Sri Lanka,6 wickets,Birmingham
"Jun 15, 2014",Bangladesh,India,India,7 wickets,Mirpur
"Jun 17, 2014",Bangladesh,India,India,47 runs,Mirpur
"Jun 19, 2014",Bangladesh,India,no result,-,Mirpur
"Jul 6, 2014",Sri Lanka,South Africa,South Africa,75 runs,Colombo (RPS)
"Jul 9, 2014",Sri Lanka,South Africa,Sri Lanka,87 runs,Pallekele
"Jul 12, 2014",Sri Lanka,South Africa,South Africa,82 runs,Hambantota
"Jul 18, 2014",Zimbabwe,Afghanistan,Zimbabwe,6 wickets,Bulawayo
"Jul 20, 2014",Zimbabwe,Afghanistan,Zimbabwe,8 wickets,Bulawayo
"Jul 22, 2014",Zimbabwe,Afghanistan,Afghanistan,2 wickets,Bulawayo
"Jul 24, 2014",Zimbabwe,Afghanistan,Afghanistan,100 runs,Bulawayo
"Aug 17, 2014",Zimbabwe,South Africa,South Africa,93 runs,Bulawayo
"Aug 19, 2014",Zimbabwe,South Africa,South Africa,61 runs,Bulawayo
"Aug 20, 2014",West Indies,Bangladesh,West Indies,3 wickets,St George's
"Aug 21, 2014",Zimbabwe,South Africa,South Africa,7 wickets,Bulawayo
"Aug 22, 2014",West Indies,Bangladesh,West Indies,177 runs,St George's
"Aug 23, 2014",Sri Lanka,Pakistan,Pakistan,4 wickets,Hambantota
"Aug 25, 2014",Zimbabwe,Australia,Australia,198 runs,Harare
"Aug 25, 2014",West Indies,Bangladesh,West Indies,91 runs,Basseterre
"Aug 26, 2014",Sri Lanka,Pakistan,Sri Lanka,77 runs,Hambantota
"Aug 27, 2014",Australia,South Africa,South Africa,7 wickets,Harare
"Aug 27, 2014",England,India,India,133 runs,Cardiff
"Aug 29, 2014",Zimbabwe,South Africa,South Africa,61 runs,Harare
"Aug 30, 2014",Sri Lanka,Pakistan,Sri Lanka,7 wickets,Dambulla
"Aug 30, 2014",England,India,India,6 wickets,Nottingham
"Aug 31, 2014",Zimbabwe,Australia,Zimbabwe,3 wickets,Harare
"Sep 2, 2014",Australia,South Africa,Australia,62 runs,Harare
"Sep 2, 2014",England,India,India,9 wickets,Birmingham
"Sep 4, 2014",Zimbabwe,South Africa,South Africa,63 runs,Harare
"Sep 5, 2014",England,India,England,41 runs,Leeds
"Sep 6, 2014",Australia,South Africa,South Africa,6 wickets,Harare
"Sep 8, 2014",Ireland,Scotland,Ireland,7 wickets,Dublin (Malahide)
"Sep 10, 2014",Ireland,Scotland,Ireland,3 wickets,Dublin (Malahide)
"Sep 12, 2014",Ireland,Scotland,Scotland,8 wickets,Dublin (Malahide)
"Oct 7, 2014",Australia,Pakistan,Australia,93 runs,Sharjah
"Oct 8, 2014",India,West Indies,West Indies,124 runs,Kochi
"Oct 10, 2014",Australia,Pakistan,Australia,5 wickets,Dubai (DSC)
"Oct 11, 2014",India,West Indies,India,48 runs,Delhi
"Oct 12, 2014",Australia,Pakistan,Australia,1 run,Abu Dhabi
"Oct 17, 2014",India,West Indies,India,59 runs,Dharamsala
"Oct 21, 2014",New Zealand,South Africa,South Africa,6 wickets,Mount Maunganui
"Oct 24, 2014",New Zealand,South Africa,South Africa,72 runs,Mount Maunganui
"Oct 27, 2014",New Zealand,South Africa,no result,-,Hamilton
"Nov 2, 2014",India,Sri Lanka,India,169 runs,Cuttack
"Nov 6, 2014",India,Sri Lanka,India,6 wickets,Ahmedabad
"Nov 8, 2014",Hong Kong,P.N.G.,P.N.G.,4 wickets,Townsville
"Nov 9, 2014",Hong Kong,P.N.G.,P.N.G.,3 wickets,Townsville
"Nov 9, 2014",India,Sri Lanka,India,6 wickets,Hyderabad
"Nov 13, 2014",India,Sri Lanka,India,153 runs,Eden Gardens
"Nov 14, 2014",Australia,South Africa,Australia,32 runs,Perth
"Nov 16, 2014",Australia,South Africa,South Africa,3 wickets,Perth
"Nov 16, 2014",India,Sri Lanka,India,3 wickets,Ranchi
"Nov 19, 2014",Australia,South Africa,Australia,73 runs,Canberra
"Nov 21, 2014",Australia,South Africa,Australia,3 wickets,Melbourne
"Nov 21, 2014",Bangladesh,Zimbabwe,Bangladesh,87 runs,Chattogram
"Nov 23, 2014",Australia,South Africa,Australia,2 wickets,Sydney
"Nov 23, 2014",Bangladesh,Zimbabwe,Bangladesh,68 runs,Chattogram
"Nov 26, 2014",Bangladesh,Zimbabwe,Bangladesh,124 runs,Mirpur
"Nov 26, 2014",Sri Lanka,England,Sri Lanka,25 runs,Colombo (RPS)
"Nov 28, 2014",Bangladesh,Zimbabwe,Bangladesh,21 runs,Mirpur
"Nov 28, 2014",U.A.E.,Afghanistan,U.A.E.,5 wickets,ICCA Dubai
"Nov 29, 2014",Sri Lanka,England,Sri Lanka,8 wickets,Colombo (RPS)
"Nov 30, 2014",U.A.E.,Afghanistan,U.A.E.,6 wickets,ICCA Dubai
"Dec 1, 2014",Bangladesh,Zimbabwe,Bangladesh,5 wickets,Mirpur
"Dec 2, 2014",U.A.E.,Afghanistan,Afghanistan,2 wickets,ICCA Dubai
"Dec 3, 2014",Sri Lanka,England,England,5 wickets,Hambantota
"Dec 4, 2014",U.A.E.,Afghanistan,U.A.E.,30 runs,ICCA Dubai
"Dec 7, 2014",Sri Lanka,England,Sri Lanka,6 wickets,Colombo (RPS)
"Dec 8, 2014",New Zealand,Pakistan,Pakistan,3 wickets,Dubai (DSC)
"Dec 10-11, 2014",Sri Lanka,England,England,5 wickets,Pallekele
"Dec 12, 2014",New Zealand,Pakistan,New Zealand,4 wickets,Sharjah
"Dec 13, 2014",Sri Lanka,England,Sri Lanka,90 runs,Pallekele
"Dec 14, 2014",New Zealand,Pakistan,Pakistan,147 runs,Sharjah
"Dec 16, 2014",Sri Lanka,England,Sri Lanka,87 runs,Colombo (RPS)
"Dec 17, 2014",New Zealand,Pakistan,New Zealand,7 runs,Abu Dhabi
"Dec 19, 2014",New Zealand,Pakistan,New Zealand,68 runs,Abu Dhabi
"Jan 8, 2015",Afghanistan,Scotland,Afghanistan,8 wickets,ICCA Dubai
"Jan 10, 2015",Afghanistan,Ireland,Ireland,3 wickets,Dubai (DSC)
"Jan 11, 2015",New Zealand,Sri Lanka,New Zealand,3 wickets,Christchurch
"Jan 12, 2015",Ireland,Scotland,Ireland,3 wickets,Dubai (DSC)
"Jan 14, 2015",Afghanistan,Scotland,Scotland,150 runs,Abu Dhabi
"Jan 15, 2015",New Zealand,Sri Lanka,Sri Lanka,6 wickets,Hamilton
"Jan 16, 2015",Australia,England,Australia,3 wickets,Sydney
"Jan 16, 2015",South Africa,West Indies,South Africa,61 runs,Durban
"Jan 17, 2015",New Zealand,Sri Lanka,no result,-,Auckland
"Jan 17, 2015",Afghanistan,Ireland,Afghanistan,71 runs,Dubai (DSC)
"Jan 18, 2015",Australia,India,Australia,4 wickets,Melbourne
"Jan 18, 2015",South Africa,West Indies,South Africa,148 runs,Johannesburg
"Jan 19, 2015",Ireland,Scotland,no result,-,ICCA Dubai
"Jan 20, 2015",New Zealand,Sri Lanka,New Zealand,4 wickets,Nelson
"Jan 20, 2015",England,India,England,9 wickets,Brisbane
"Jan 21, 2015",South Africa,West Indies,South Africa,9 wickets,East London
"Jan 23, 2015",New Zealand,Sri Lanka,New Zealand,108 runs,Dunedin
"Jan 23, 2015",Australia,England,Australia,3 wickets,Hobart
"Jan 25, 2015",New Zealand,Sri Lanka,New Zealand,120 runs,Dunedin
"Jan 25, 2015",South Africa,West Indies,West Indies,1 wicket,Gqeberha
"Jan 26, 2015",Australia,India,no result,-,Sydney
"Jan 28, 2015",South Africa,West Indies,South Africa,131 runs,Centurion
"Jan 29, 2015",New Zealand,Sri Lanka,Sri Lanka,34 runs,Wellington
"Jan 30, 2015",England,India,England,3 wickets,Perth
"Jan 31, 2015",New Zealand,Pakistan,New Zealand,7 wickets,Wellington
"Feb 1, 2015",Australia,England,Australia,112 runs,Perth
"Feb 3, 2015",New Zealand,Pakistan,New Zealand,119 runs,Napier
"Feb 14, 2015",New Zealand,Sri Lanka,New Zealand,98 runs,Christchurch
"Feb 14, 2015",Australia,England,Australia,111 runs,Melbourne
"Feb 15, 2015",South Africa,Zimbabwe,South Africa,62 runs,Hamilton
"Feb 15, 2015",India,Pakistan,India,76 runs,Adelaide
"Feb 16, 2015",Ireland,West Indies,Ireland,4 wickets,Nelson
"Feb 17, 2015",New Zealand,Scotland,New Zealand,3 wickets,Dunedin
"Feb 18, 2015",Afghanistan,Bangladesh,Bangladesh,105 runs,Canberra
"Feb 19, 2015",U.A.E.,Zimbabwe,Zimbabwe,4 wickets,Nelson
"Feb 20, 2015",New Zealand,England,New Zealand,8 wickets,Wellington
"Feb 21, 2015",Pakistan,West Indies,West Indies,150 runs,Christchurch
"Feb 22, 2015",Afghanistan,Sri Lanka,Sri Lanka,4 wickets,Dunedin
"Feb 22, 2015",India,South Africa,India,130 runs,Melbourne
"Feb 23, 2015",England,Scotland,England,119 runs,Christchurch
"Feb 24, 2015",West Indies,Zimbabwe,West Indies,73 runs,Canberra
"Feb 25, 2015",Ireland,U.A.E.,Ireland,2 wickets,Brisbane
"Feb 26, 2015",Afghanistan,Scotland,Afghanistan,1 wicket,Dunedin
"Feb 26, 2015",Bangladesh,Sri Lanka,Sri Lanka,92 runs,Melbourne
"Feb 27, 2015",South Africa,West Indies,South Africa,257 runs,Sydney
"Feb 28, 2015",New Zealand,Australia,New Zealand,1 wicket,Auckland
"Feb 28, 2015",India,U.A.E.,India,9 wickets,Perth
"Mar 1, 2015",England,Sri Lanka,Sri Lanka,9 wickets,Wellington
"Mar 1, 2015",Pakistan,Zimbabwe,Pakistan,20 runs,Brisbane
"Mar 3, 2015",Ireland,South Africa,South Africa,201 runs,Canberra
"Mar 4, 2015",Pakistan,U.A.E.,Pakistan,129 runs,Napier
"Mar 4, 2015",Australia,Afghanistan,Australia,275 runs,Perth
"Mar 5, 2015",Bangladesh,Scotland,Bangladesh,6 wickets,Nelson
"Mar 6, 2015",India,West Indies,India,4 wickets,Perth
"Mar 7, 2015",Pakistan,South Africa,Pakistan,29 runs,Auckland
"Mar 7, 2015",Ireland,Zimbabwe,Ireland,5 runs,Hobart
"Mar 8, 2015",New Zealand,Afghanistan,New Zealand,6 wickets,Napier
"Mar 8, 2015",Australia,Sri Lanka,Australia,64 runs,Sydney
"Mar 9, 2015",Bangladesh,England,Bangladesh,15 runs,Adelaide
"Mar 10, 2015",India,Ireland,India,8 wickets,Hamilton
"Mar 11, 2015",Scotland,Sri Lanka,Sri Lanka,148 runs,Hobart
"Mar 12, 2015",South Africa,U.A.E.,South Africa,146 runs,Wellington
"Mar 13, 2015",New Zealand,Bangladesh,New Zealand,3 wickets,Hamilton
"Mar 13, 2015",Afghanistan,England,England,9 wickets,Sydney
"Mar 14, 2015",India,Zimbabwe,India,6 wickets,Auckland
"Mar 14, 2015",Australia,Scotland,Australia,7 wickets,Hobart
"Mar 15, 2015",U.A.E.,West Indies,West Indies,6 wickets,Napier
"Mar 15, 2015",Ireland,Pakistan,Pakistan,7 wickets,Adelaide
"Mar 18, 2015",South Africa,Sri Lanka,South Africa,9 wickets,Sydney
"Mar 19, 2015",Bangladesh,India,India,109 runs,Melbourne
"Mar 20, 2015",Australia,Pakistan,Australia,6 wickets,Adelaide
"Mar 21, 2015",New Zealand,West Indies,New Zealand,143 runs,Wellington
"Mar 24, 2015",New Zealand,South Africa,New Zealand,4 wickets,Auckland
"Mar 26, 2015",Australia,India,Australia,95 runs,Sydney
"Mar 29, 2015",Australia,New Zealand,Australia,7 wickets,Melbourne
"Apr 17, 2015",Bangladesh,Pakistan,Bangladesh,79 runs,Mirpur
"Apr 19, 2015",Bangladesh,Pakistan,Bangladesh,7 wickets,Mirpur
"Apr 22, 2015",Bangladesh,Pakistan,Bangladesh,8 wickets,Mirpur
"May 8, 2015",Ireland,England,no result,-,Dublin (Malahide)
"May 26, 2015",Pakistan,Zimbabwe,Pakistan,41 runs,Lahore
"May 29, 2015",Pakistan,Zimbabwe,Pakistan,6 wickets,Lahore
"May 31, 2015",Pakistan,Zimbabwe,no result,-,Lahore
"Jun 9, 2015",England,New Zealand,England,210 runs,Birmingham
"Jun 12, 2015",England,New Zealand,New Zealand,13 runs,The Oval
"Jun 14, 2015",England,New Zealand,New Zealand,3 wickets,Southampton
"Jun 17, 2015",England,New Zealand,England,7 wickets,Nottingham
"Jun 18, 2015",Bangladesh,India,Bangladesh,79 runs,Mirpur
"Jun 20, 2015",England,New Zealand,England,3 wickets,Chester-le-Street
"Jun 21, 2015",Bangladesh,India,Bangladesh,6 wickets,Mirpur
"Jun 24, 2015",Bangladesh,India,India,77 runs,Mirpur
"Jul 10, 2015",Zimbabwe,India,India,4 runs,Harare
"Jul 10, 2015",Bangladesh,South Africa,South Africa,8 wickets,Mirpur
"Jul 11, 2015",Sri Lanka,Pakistan,Pakistan,6 wickets,Dambulla
"Jul 12, 2015",Zimbabwe,India,India,62 runs,Harare
"Jul 12, 2015",Bangladesh,South Africa,Bangladesh,7 wickets,Mirpur
"Jul 14, 2015",Zimbabwe,India,India,83 runs,Harare
"Jul 15, 2015",Bangladesh,South Africa,Bangladesh,9 wickets,Chattogram
"Jul 15, 2015",Sri Lanka,Pakistan,Sri Lanka,2 wickets,Pallekele
"Jul 19, 2015",Sri Lanka,Pakistan,Pakistan,135 runs,Colombo (RPS)
"Jul 22, 2015",Sri Lanka,Pakistan,Pakistan,7 wickets,Colombo (RPS)
"Jul 26, 2015",Sri Lanka,Pakistan,Sri Lanka,165 runs,Hambantota
"Aug 2, 2015",Zimbabwe,New Zealand,Zimbabwe,7 wickets,Harare
"Aug 4, 2015",Zimbabwe,New Zealand,New Zealand,10 wickets,Harare
"Aug 7, 2015",Zimbabwe,New Zealand,New Zealand,38 runs,Harare
"Aug 19, 2015",South Africa,New Zealand,South Africa,20 runs,Centurion
"Aug 23, 2015",South Africa,New Zealand,New Zealand,8 wickets,Potchefstroom
"Aug 26, 2015",South Africa,New Zealand,South Africa,62 runs,Durban
"Aug 27, 2015",Ireland,Australia,Australia,23 runs,Belfast
"Sep 3, 2015",England,Australia,Australia,59 runs,Southampton
"Sep 5, 2015",England,Australia,Australia,64 runs,Lord's
"Sep 8, 2015",England,Australia,England,93 runs,Manchester
"Sep 11, 2015",England,Australia,England,3 wickets,Leeds
"Sep 13, 2015",England,Australia,Australia,8 wickets,Manchester
"Oct 1, 2015",Zimbabwe,Pakistan,Pakistan,131 runs,Harare
"Oct 3, 2015",Zimbabwe,Pakistan,Zimbabwe,5 runs,Harare
"Oct 5, 2015",Zimbabwe,Pakistan,Pakistan,7 wickets,Harare
"Oct 9, 2015",Zimbabwe,Ireland,Zimbabwe,2 wickets,Harare
"Oct 11, 2015",India,South Africa,South Africa,5 runs,Kanpur
"Oct 11, 2015",Zimbabwe,Ireland,Zimbabwe,5 wickets,Harare
"Oct 13, 2015",Zimbabwe,Ireland,Ireland,2 wickets,Harare
"Oct 14, 2015",India,South Africa,India,22 runs,Indore
"Oct 16, 2015",Zimbabwe,Afghanistan,Zimbabwe,8 wickets,Bulawayo
"Oct 18, 2015",Zimbabwe,Afghanistan,Afghanistan,58 runs,Bulawayo
"Oct 18, 2015",India,South Africa,South Africa,18 runs,Rajkot
"Oct 20, 2015",Zimbabwe,Afghanistan,Zimbabwe,6 wickets,Bulawayo
"Oct 22, 2015",Zimbabwe,Afghanistan,Afghanistan,3 wickets,Bulawayo
"Oct 22, 2015",India,South Africa,India,35 runs,Chennai
"Oct 24, 2015",Zimbabwe,Afghanistan,Afghanistan,73 runs,Bulawayo
"Oct 25, 2015",India,South Africa,South Africa,214 runs,Wankhede
"Nov 1, 2015",Sri Lanka,West Indies,Sri Lanka,1 wicket,Colombo (RPS)
"Nov 4, 2015",Sri Lanka,West Indies,Sri Lanka,8 wickets,Colombo (RPS)
"Nov 7, 2015",Bangladesh,Zimbabwe,Bangladesh,145 runs,Mirpur
"Nov 7, 2015",Sri Lanka,West Indies,Sri Lanka,19 runs,Pallekele
"Nov 9, 2015",Bangladesh,Zimbabwe,Bangladesh,58 runs,Mirpur
"Nov 11, 2015",Bangladesh,Zimbabwe,Bangladesh,61 runs,Mirpur
"Nov 11, 2015",England,Pakistan,Pakistan,6 wickets,Abu Dhabi
"Nov 13, 2015",England,Pakistan,England,95 runs,Abu Dhabi
"Nov 16, 2015",U.A.E.,Hong Kong,Hong Kong,89 runs,ICCA Dubai
"Nov 17, 2015",England,Pakistan,England,6 wickets,Sharjah
"Nov 18, 2015",U.A.E.,Hong Kong,Hong Kong,136 runs,ICCA Dubai
"Nov 20, 2015",England,Pakistan,England,84 runs,Dubai (DSC)
"Dec 25, 2015",Afghanistan,Zimbabwe,Afghanistan,49 runs,Sharjah
"Dec 26, 2015",New Zealand,Sri Lanka,New Zealand,7 wickets,Christchurch
"Dec 28, 2015",New Zealand,Sri Lanka,New Zealand,10 wickets,Christchurch
"Dec 29, 2015",Afghanistan,Zimbabwe,Afghanistan,4 wickets,Sharjah
"Dec 31, 2015",New Zealand,Sri Lanka,Sri Lanka,8 wickets,Nelson
"Jan 2, 2016",New Zealand,Sri Lanka,no result,-,Nelson
"Jan 2, 2016",Afghanistan,Zimbabwe,Zimbabwe,117 runs,Sharjah
"Jan 4, 2016",Afghanistan,Zimbabwe,Zimbabwe,65 runs,Sharjah
"Jan 5, 2016",New Zealand,Sri Lanka,New Zealand,36 runs,Mount Maunganui
"Jan 6, 2016",Afghanistan,Zimbabwe,Afghanistan,2 wickets,Sharjah
"Jan 12, 2016",Australia,India,Australia,5 wickets,Perth
"Jan 15, 2016",Australia,India,Australia,7 wickets,Brisbane
"Jan 17, 2016",Australia,India,Australia,3 wickets,Melbourne
"Jan 20, 2016",Australia,India,Australia,25 runs,Canberra
"Jan 23, 2016",Australia,India,India,6 wickets,Sydney
"Jan 25, 2016",New Zealand,Pakistan,New Zealand,70 runs,Wellington
"Jan 26, 2016",Hong Kong,Scotland,Hong Kong,109 runs,Mong Kok
"Jan 31, 2016",New Zealand,Pakistan,New Zealand,3 wickets,Auckland
"Feb 3, 2016",New Zealand,Australia,New Zealand,159 runs,Auckland
"Feb 3, 2016",South Africa,England,England,39 runs,Bloemfontein
"Feb 6, 2016",New Zealand,Australia,Australia,4 wickets,Wellington
"Feb 6, 2016",South Africa,England,England,5 wickets,Gqeberha
"Feb 8, 2016",New Zealand,Australia,New Zealand,55 runs,Hamilton
"Feb 9, 2016",South Africa,England,South Africa,7 wickets,Centurion
"Feb 12, 2016",South Africa,England,South Africa,1 wicket,Johannesburg
"Feb 14, 2016",South Africa,England,South Africa,5 wickets,Cape Town
"Jun 3, 2016",West Indies,South Africa,West Indies,4 wickets,Providence
"Jun 5, 2016",West Indies,Australia,Australia,6 wickets,Providence
"Jun 7, 2016",Australia,South Africa,South Africa,47 runs,Providence
"Jun 11, 2016",Zimbabwe,India,India,9 wickets,Harare
"Jun 11, 2016",Australia,South Africa,Australia,36 runs,Basseterre
"Jun 13, 2016",Zimbabwe,India,India,8 wickets,Harare
"Jun 13, 2016",West Indies,Australia,West Indies,4 wickets,Basseterre
"Jun 15, 2016",Zimbabwe,India,India,10 wickets,Harare
"Jun 15, 2016",West Indies,South Africa,South Africa,139 runs,Basseterre
"Jun 16, 2016",Ireland,Sri Lanka,Sri Lanka,76 runs,Dublin (Malahide)
"Jun 18, 2016",Ireland,Sri Lanka,Sri Lanka,136 runs,Dublin (Malahide)
"Jun 19, 2016",Australia,South Africa,no result,-,Bridgetown
"Jun 21, 2016",England,Sri Lanka,tied,-,Nottingham
"Jun 21, 2016",West Indies,Australia,Australia,6 wickets,Bridgetown
"Jun 24, 2016",England,Sri Lanka,England,10 wickets,Birmingham
"Jun 24, 2016",West Indies,South Africa,West Indies,100 runs,Bridgetown
"Jun 26, 2016",England,Sri Lanka,no result,-,Bristol
"Jun 26, 2016",West Indies,Australia,Australia,58 runs,Bridgetown
"Jun 29, 2016",England,Sri Lanka,England,6 wickets,The Oval
"Jul 2, 2016",England,Sri Lanka,England,122 runs,Cardiff
"Jul 4, 2016",Scotland,Afghanistan,no result,-,Edinburgh
"Jul 6, 2016",Scotland,Afghanistan,Afghanistan,78 runs,Edinburgh
"Jul 12, 2016",Ireland,Afghanistan,Afghanistan,39 runs,Belfast
"Jul 14, 2016",Ireland,Afghanistan,Ireland,6 wickets,Belfast
"Jul 17, 2016",Ireland,Afghanistan,Afghanistan,79 runs,Belfast
"Jul 19, 2016",Ireland,Afghanistan,Ireland,12 runs,Belfast
"Aug 14, 2016",Scotland,U.A.E.,Scotland,98 runs,Edinburgh
"Aug 16, 2016",Scotland,U.A.E.,Scotland,7 wickets,Edinburgh
"Aug 18, 2016",Ireland,Pakistan,Pakistan,255 runs,Dublin (Malahide)
"Aug 21, 2016",Sri Lanka,Australia,Australia,3 wickets,Colombo (RPS)
"Aug 24, 2016",Sri Lanka,Australia,Sri Lanka,82 runs,Colombo (RPS)
"Aug 24, 2016",England,Pakistan,England,44 runs,Southampton
"Aug 27, 2016",England,Pakistan,England,4 wickets,Lord's
"Aug 28, 2016",Sri Lanka,Australia,Australia,2 wickets,Dambulla
"Aug 30, 2016",England,Pakistan,England,169 runs,Nottingham
"Aug 31, 2016",Sri Lanka,Australia,Australia,6 wickets,Dambulla
"Sep 1, 2016",England,Pakistan,England,4 wickets,Leeds
"Sep 4, 2016",Sri Lanka,Australia,Australia,5 wickets,Pallekele
"Sep 4, 2016",England,Pakistan,Pakistan,4 wickets,Cardiff
"Sep 8, 2016",Scotland,Hong Kong,no result,-,Edinburgh
"Sep 10, 2016",Scotland,Hong Kong,Scotland,53 runs,Edinburgh
"Sep 25, 2016",South Africa,Ireland,South Africa,206 runs,Benoni
"Sep 25, 2016",Bangladesh,Afghanistan,Bangladesh,7 runs,Mirpur
"Sep 27, 2016",Australia,Ireland,Australia,9 wickets,Benoni
"Sep 28, 2016",Bangladesh,Afghanistan,Afghanistan,2 wickets,Mirpur
"Sep 30, 2016",Pakistan,West Indies,Pakistan,111 runs,Sharjah
"Sep 30, 2016",South Africa,Australia,South Africa,6 wickets,Centurion
"Oct 1, 2016",Bangladesh,Afghanistan,Bangladesh,141 runs,Mirpur
"Oct 2, 2016",South Africa,Australia,South Africa,142 runs,Johannesburg
"Oct 2, 2016",Pakistan,West Indies,Pakistan,59 runs,Sharjah
"Oct 5, 2016",Pakistan,West Indies,Pakistan,136 runs,Abu Dhabi
"Oct 5, 2016",South Africa,Australia,South Africa,4 wickets,Durban
"Oct 7, 2016",Bangladesh,England,England,21 runs,Mirpur
"Oct 9, 2016",South Africa,Australia,South Africa,6 wickets,Gqeberha
"Oct 9, 2016",Bangladesh,England,Bangladesh,34 runs,Mirpur
"Oct 12, 2016",Bangladesh,England,England,4 wickets,Chattogram
"Oct 12, 2016",South Africa,Australia,South Africa,31 runs,Cape Town
"Oct 16, 2016",India,New Zealand,India,6 wickets,Dharamsala
"Oct 20, 2016",India,New Zealand,New Zealand,6 runs,Delhi
"Oct 23, 2016",India,New Zealand,India,7 wickets,Mohali
"Oct 26, 2016",India,New Zealand,New Zealand,19 runs,Ranchi
"Oct 29, 2016",India,New Zealand,India,190 runs,Visakhapatnam
"Nov 4, 2016",Hong Kong,P.N.G.,Hong Kong,106 runs,Mong Kok
"Nov 6, 2016",Hong Kong,P.N.G.,P.N.G.,14 runs,Mong Kok
"Nov 8, 2016",Hong Kong,P.N.G.,Hong Kong,7 wickets,Mong Kok
"Nov 14, 2016",Zimbabwe,Sri Lanka,Sri Lanka,8 wickets,Harare
"Nov 16, 2016",Sri Lanka,West Indies,West Indies,62 runs,Harare
"Nov 19, 2016",Zimbabwe,West Indies,tied,-,Bulawayo
"Nov 21, 2016",Zimbabwe,Sri Lanka,no result,-,Bulawayo
"Nov 23, 2016",Sri Lanka,West Indies,Sri Lanka,1 run,Bulawayo
"Nov 25, 2016",Zimbabwe,West Indies,Zimbabwe,5 runs,Bulawayo
"Nov 27, 2016",Zimbabwe,Sri Lanka,Sri Lanka,6 wickets,Bulawayo
"Dec 4, 2016",Australia,New Zealand,Australia,68 runs,Sydney
"Dec 6, 2016",Australia,New Zealand,Australia,116 runs,Canberra
"Dec 9, 2016",Australia,New Zealand,Australia,117 runs,Melbourne
"Dec 26, 2016",New Zealand,Bangladesh,New Zealand,77 runs,Christchurch
"Dec 29, 2016",New Zealand,Bangladesh,New Zealand,67 runs,Nelson
"Dec 31, 2016",New Zealand,Bangladesh,New Zealand,8 wickets,Nelson
"Jan 13, 2017",Australia,Pakistan,Australia,92 runs,Brisbane
"Jan 15, 2017",Australia,Pakistan,Pakistan,6 wickets,Melbourne
"Jan 15, 2017",India,England,India,3 wickets,Pune
"Jan 19, 2017",Australia,Pakistan,Australia,7 wickets,Perth
"Jan 19, 2017",India,England,India,15 runs,Cuttack
"Jan 22, 2017",Australia,Pakistan,Australia,86 runs,Sydney
"Jan 22, 2017",Hong Kong,Scotland,Hong Kong,7 wickets,Abu Dhabi
"Jan 22, 2017",India,England,England,5 runs,Eden Gardens
"Jan 24, 2017",U.A.E.,Scotland,U.A.E.,4 wickets,Dubai (DSC)
"Jan 26, 2017",Australia,Pakistan,Australia,57 runs,Adelaide
"Jan 26, 2017",U.A.E.,Hong Kong,U.A.E.,6 wickets,Dubai (DSC)
"Jan 28, 2017",South Africa,Sri Lanka,South Africa,8 wickets,Gqeberha
"Jan 30, 2017",New Zealand,Australia,New Zealand,6 runs,Auckland
"Feb 1, 2017",South Africa,Sri Lanka,South Africa,121 runs,Durban
"Feb 4, 2017",South Africa,Sri Lanka,South Africa,7 wickets,Johannesburg
"Feb 5, 2017",New Zealand,Australia,New Zealand,24 runs,Hamilton
"Feb 7, 2017",South Africa,Sri Lanka,South Africa,40 runs,Cape Town
"Feb 10, 2017",South Africa,Sri Lanka,South Africa,88 runs,Centurion
"Feb 16, 2017",Zimbabwe,Afghanistan,Afghanistan,12 runs,Harare
"Feb 19, 2017",New Zealand,South Africa,South Africa,4 wickets,Hamilton
"Feb 19, 2017",Zimbabwe,Afghanistan,Afghanistan,54 runs,Harare
"Feb 21, 2017",Zimbabwe,Afghanistan,Zimbabwe,3 runs,Harare
"Feb 22, 2017",New Zealand,South Africa,New Zealand,6 runs,Christchurch
"Feb 24, 2017",Zimbabwe,Afghanistan,Zimbabwe,7 wickets,Harare
"Feb 25, 2017",New Zealand,South Africa,South Africa,159 runs,Wellington
"Feb 26, 2017",Zimbabwe,Afghanistan,Afghanistan,106 runs,Harare
"Mar 1, 2017",New Zealand,South Africa,New Zealand,7 wickets,Hamilton
"Mar 2, 2017",U.A.E.,Ireland,Ireland,85 runs,ICCA Dubai
"Mar 3, 2017",West Indies,England,England,45 runs,North Sound
"Mar 4, 2017",New Zealand,South Africa,South Africa,6 wickets,Auckland
"Mar 4, 2017",U.A.E.,Ireland,Ireland,8 wickets,ICCA Dubai
"Mar 5, 2017",West Indies,England,England,4 wickets,North Sound
"Mar 9, 2017",West Indies,England,England,186 runs,Bridgetown
"Mar 15, 2017",Afghanistan,Ireland,Afghanistan,30 runs,Greater Noida
"Mar 17, 2017",Afghanistan,Ireland,Afghanistan,34 runs,Greater Noida
"Mar 19, 2017",Afghanistan,Ireland,Ireland,6 wickets,Greater Noida
"Mar 22, 2017",Afghanistan,Ireland,Ireland,3 wickets,Greater Noida
"Mar 24, 2017",Afghanistan,Ireland,Afghanistan,7 wickets,Greater Noida
"Mar 25, 2017",Sri Lanka,Bangladesh,Bangladesh,90 runs,Dambulla
"Mar 28, 2017",Sri Lanka,Bangladesh,no result,-,Dambulla
"Mar 31, 2017",U.A.E.,P.N.G.,U.A.E.,82 runs,Abu Dhabi
"Apr 1, 2017",Sri Lanka,Bangladesh,Sri Lanka,70 runs,Colombo (SSC)
"Apr 2, 2017",U.A.E.,P.N.G.,P.N.G.,26 runs,Abu Dhabi
"Apr 4, 2017",U.A.E.,P.N.G.,U.A.E.,103 runs,Abu Dhabi
"Apr 7, 2017",West Indies,Pakistan,West Indies,4 wickets,Providence
"Apr 9, 2017",West Indies,Pakistan,Pakistan,74 runs,Providence
"Apr 11, 2017",West Indies,Pakistan,Pakistan,6 wickets,Providence
"May 5, 2017",England,Ireland,England,7 wickets,Bristol
"May 7, 2017",England,Ireland,England,85 runs,Lord's
"May 12, 2017",Ireland,Bangladesh,no result,-,Dublin (Malahide)
"May 14, 2017",Ireland,New Zealand,New Zealand,51 runs,Dublin (Malahide)
"May 17, 2017",Bangladesh,New Zealand,New Zealand,4 wickets,Dublin
"May 19, 2017",Ireland,Bangladesh,Bangladesh,8 wickets,Dublin (Malahide)
"May 21, 2017",Ireland,New Zealand,New Zealand,190 runs,Dublin (Malahide)
"May 24, 2017",Bangladesh,New Zealand,Bangladesh,5 wickets,Dublin
"May 24, 2017",England,South Africa,England,72 runs,Leeds
"May 27, 2017",England,South Africa,England,2 runs,Southampton
"May 29, 2017",England,South Africa,South Africa,7 wickets,Lord's
"Jun 1, 2017",England,Bangladesh,England,8 wickets,The Oval
"Jun 2, 2017",Australia,New Zealand,no result,-,Birmingham
"Jun 3, 2017",South Africa,Sri Lanka,South Africa,96 runs,The Oval
"Jun 4, 2017",India,Pakistan,India,124 runs,Birmingham
"Jun 5, 2017",Australia,Bangladesh,no result,-,The Oval
"Jun 6, 2017",England,New Zealand,England,87 runs,Cardiff
"Jun 7, 2017",Pakistan,South Africa,Pakistan,19 runs,Birmingham
"Jun 8, 2017",India,Sri Lanka,Sri Lanka,7 wickets,The Oval
"Jun 9, 2017",Bangladesh,New Zealand,Bangladesh,5 wickets,Cardiff
"Jun 9, 2017",West Indies,Afghanistan,Afghanistan,63 runs,Gros Islet
"Jun 10, 2017",England,Australia,England,40 runs,Birmingham
"Jun 11, 2017",India,South Africa,India,8 wickets,The Oval
"Jun 11, 2017",West Indies,Afghanistan,West Indies,4 wickets,Gros Islet
"Jun 12, 2017",Pakistan,Sri Lanka,Pakistan,3 wickets,Cardiff
"Jun 14, 2017",England,Pakistan,Pakistan,8 wickets,Cardiff
"Jun 14, 2017",West Indies,Afghanistan,no result,-,Gros Islet
"Jun 15, 2017",Bangladesh,India,India,9 wickets,Birmingham
"Jun 15, 2017",Scotland,Zimbabwe,Scotland,26 runs,Edinburgh
"Jun 17, 2017",Scotland,Zimbabwe,Zimbabwe,6 wickets,Edinburgh
"Jun 18, 2017",India,Pakistan,Pakistan,180 runs,The Oval
"Jun 23, 2017",West Indies,India,no result,-,Port of Spain
"Jun 25, 2017",West Indies,India,India,105 runs,Port of Spain
"Jun 30, 2017",Sri Lanka,Zimbabwe,Zimbabwe,6 wickets,Galle
"Jun 30, 2017",West Indies,India,India,93 runs,North Sound
"Jul 2, 2017",Sri Lanka,Zimbabwe,Sri Lanka,7 wickets,Galle
"Jul 2, 2017",West Indies,India,West Indies,11 runs,North Sound
"Jul 6, 2017",Sri Lanka,Zimbabwe,Sri Lanka,8 wickets,Hambantota
"Jul 6, 2017",West Indies,India,India,8 wickets,Kingston
"Jul 8, 2017",Sri Lanka,Zimbabwe,Zimbabwe,4 wickets,Hambantota
"Jul 10, 2017",Sri Lanka,Zimbabwe,Zimbabwe,3 wickets,Hambantota
"Aug 20, 2017",Sri Lanka,India,India,9 wickets,Dambulla
"Aug 24, 2017",Sri Lanka,India,India,3 wickets,Pallekele
"Aug 27, 2017",Sri Lanka,India,India,6 wickets,Pallekele
"Aug 31, 2017",Sri Lanka,India,India,168 runs,Colombo (RPS)
"Sep 3, 2017",Sri Lanka,India,India,6 wickets,Colombo (RPS)
"Sep 17, 2017",India,Australia,India,26 runs,Chennai
"Sep 19, 2017",England,West Indies,England,7 wickets,Manchester
"Sep 21, 2017",India,Australia,India,50 runs,Eden Gardens
"Sep 21, 2017",England,West Indies,no result,-,Nottingham
"Sep 24, 2017",India,Australia,India,5 wickets,Indore
"Sep 24, 2017",England,West Indies,England,124 runs,Bristol
"Sep 27, 2017",England,West Indies,England,6 runs,The Oval
"Sep 28, 2017",India,Australia,Australia,21 runs,Bengaluru
"Sep 29, 2017",England,West Indies,England,9 wickets,Southampton
"Oct 1, 2017",India,Australia,India,7 wickets,Nagpur
"Oct 6, 2017",P.N.G.,Scotland,Scotland,101 runs,Port Moresby
"Oct 8, 2017",P.N.G.,Scotland,P.N.G.,5 wickets,Port Moresby
"Oct 13, 2017",Pakistan,Sri Lanka,Pakistan,83 runs,Dubai (DSC)
"Oct 15, 2017",South Africa,Bangladesh,South Africa,10 wickets,Kimberley
"Oct 16, 2017",Pakistan,Sri Lanka,Pakistan,32 runs,Abu Dhabi
"Oct 18, 2017",South Africa,Bangladesh,South Africa,104 runs,Paarl
"Oct 18, 2017",Pakistan,Sri Lanka,Pakistan,7 wickets,Abu Dhabi
"Oct 20, 2017",Pakistan,Sri Lanka,Pakistan,7 wickets,Sharjah
"Oct 22, 2017",India,New Zealand,New Zealand,6 wickets,Wankhede
"Oct 22, 2017",South Africa,Bangladesh,South Africa,200 runs,East London
"Oct 23, 2017",Pakistan,Sri Lanka,Pakistan,9 wickets,Sharjah
"Oct 25, 2017",India,New Zealand,India,6 wickets,Pune
"Oct 29, 2017",India,New Zealand,India,6 runs,Kanpur
"Nov 24, 2017",P.N.G.,Scotland,Scotland,6 wickets,Dubai (DSC)
"Nov 25, 2017",P.N.G.,Scotland,Scotland,4 wickets,Dubai (DSC)
"Dec 5, 2017",Afghanistan,Ireland,Afghanistan,138 runs,Sharjah
"Dec 6, 2017",Hong Kong,P.N.G.,Hong Kong,23 runs,ICCA Dubai
"Dec 7, 2017",Afghanistan,Ireland,Ireland,51 runs,Sharjah
"Dec 8, 2017",Hong Kong,P.N.G.,Hong Kong,93 runs,ICCA Dubai
"Dec 10, 2017",India,Sri Lanka,Sri Lanka,7 wickets,Dharamsala
"Dec 10, 2017",Afghanistan,Ireland,Ireland,5 wickets,Sharjah
"Dec 13, 2017",India,Sri Lanka,India,141 runs,Mohali
"Dec 17, 2017",India,Sri Lanka,India,8 wickets,Visakhapatnam
"Dec 20, 2017",New Zealand,West Indies,New Zealand,5 wickets,Whangarei
"Dec 23, 2017",New Zealand,West Indies,New Zealand,204 runs,Christchurch
"Dec 26, 2017",New Zealand,West Indies,New Zealand,66 runs,Christchurch
"Jan 6, 2018",New Zealand,Pakistan,New Zealand,61 runs,Wellington
"Jan 9, 2018",New Zealand,Pakistan,New Zealand,8 wickets,Nelson
"Jan 11, 2018",U.A.E.,Ireland,Ireland,4 wickets,ICCA Dubai
"Jan 13, 2018",New Zealand,Pakistan,New Zealand,183 runs,Dunedin
"Jan 13, 2018",U.A.E.,Ireland,Ireland,67 runs,ICCA Dubai
"Jan 14, 2018",Australia,England,England,5 wickets,Melbourne
"Jan 15, 2018",Bangladesh,Zimbabwe,Bangladesh,8 wickets,Mirpur
"Jan 16, 2018",New Zealand,Pakistan,New Zealand,5 wickets,Hamilton
"Jan 16, 2018",Ireland,Scotland,Ireland,6 wickets,ICCA Dubai
"Jan 17, 2018",Sri Lanka,Zimbabwe,Zimbabwe,12 runs,Mirpur
"Jan 18, 2018",Ireland,Scotland,Ireland,24 runs,ICCA Dubai
"Jan 19, 2018",New Zealand,Pakistan,New Zealand,15 runs,Wellington
"Jan 19, 2018",Australia,England,England,4 wickets,Brisbane
"Jan 19, 2018",Bangladesh,Sri Lanka,Bangladesh,163 runs,Mirpur
"Jan 21, 2018",Australia,England,England,16 runs,Sydney
"Jan 21, 2018",U.A.E.,Scotland,Scotland,31 runs,ICCA Dubai
"Jan 21, 2018",Sri Lanka,Zimbabwe,Sri Lanka,5 wickets,Mirpur
"Jan 23, 2018",U.A.E.,Scotland,U.A.E.,4 wickets,ICCA Dubai
"Jan 23, 2018",Bangladesh,Zimbabwe,Bangladesh,91 runs,Mirpur
"Jan 25, 2018",Bangladesh,Sri Lanka,Sri Lanka,10 wickets,Mirpur
"Jan 26, 2018",Australia,England,Australia,3 wickets,Adelaide
"Jan 27, 2018",Bangladesh,Sri Lanka,Sri Lanka,79 runs,Mirpur
"Jan 28, 2018",Australia,England,England,12 runs,Perth
"Feb 1, 2018",South Africa,India,India,6 wickets,Durban
"Feb 4, 2018",South Africa,India,India,9 wickets,Centurion
"Feb 7, 2018",South Africa,India,India,124 runs,Cape Town
"Feb 9, 2018",Afghanistan,Zimbabwe,Afghanistan,154 runs,Sharjah
"Feb 10, 2018",South Africa,India,South Africa,5 wickets,Johannesburg
"Feb 11, 2018",Afghanistan,Zimbabwe,Zimbabwe,154 runs,Sharjah
"Feb 13, 2018",Afghanistan,Zimbabwe,Afghanistan,6 wickets,Sharjah
"Feb 13, 2018",South Africa,India,India,73 runs,Gqeberha
"Feb 16, 2018",Afghanistan,Zimbabwe,Afghanistan,10 wickets,Sharjah
"Feb 16, 2018",South Africa,India,India,8 wickets,Centurion
"Feb 19, 2018",Afghanistan,Zimbabwe,Afghanistan,146 runs,Sharjah
"Feb 25, 2018",New Zealand,England,New Zealand,3 wickets,Hamilton
"Feb 28, 2018",New Zealand,England,England,6 wickets,Mount Maunganui
"Mar 3, 2018",New Zealand,England,England,4 runs,Wellington
"Mar 4, 2018",Afghanistan,Scotland,Scotland,7 wickets,Bulawayo
"Mar 4, 2018",P.N.G.,U.A.E.,U.A.E.,56 runs,Harare
"Mar 6, 2018",Hong Kong,Scotland,Scotland,4 wickets,Bulawayo
"Mar 6, 2018",Ireland,P.N.G.,Ireland,4 wickets,Harare
"Mar 6, 2018",U.A.E.,West Indies,West Indies,60 runs,Harare
"Mar 6, 2018",Zimbabwe,Afghanistan,Zimbabwe,2 runs,Bulawayo
"Mar 7, 2018",New Zealand,England,New Zealand,5 wickets,Dunedin
"Mar 8, 2018",Afghanistan,Hong Kong,Hong Kong,30 runs,Bulawayo
"Mar 8, 2018",P.N.G.,West Indies,West Indies,6 wickets,Harare
"Mar 10, 2018",New Zealand,England,England,7 wickets,Christchurch
"Mar 10, 2018",Ireland,West Indies,West Indies,52 runs,Harare
"Mar 10, 2018",Zimbabwe,Hong Kong,Zimbabwe,89 runs,Bulawayo
"Mar 12, 2018",Ireland,U.A.E.,Ireland,226 runs,Harare
"Mar 12, 2018",Zimbabwe,Scotland,tied,-,Bulawayo
"Mar 15, 2018",Afghanistan,West Indies,Afghanistan,3 wickets,Harare
"Mar 15, 2018",Scotland,U.A.E.,Scotland,73 runs,Bulawayo
"Mar 16, 2018",Zimbabwe,Ireland,Zimbabwe,107 runs,Harare
"Mar 17, 2018",Hong Kong,P.N.G.,P.N.G.,58 runs,Harare
"Mar 18, 2018",Ireland,Scotland,Ireland,25 runs,Harare
"Mar 19, 2018",Zimbabwe,West Indies,West Indies,4 wickets,Harare
"Mar 20, 2018",Afghanistan,U.A.E.,Afghanistan,5 wickets,Harare
"Mar 21, 2018",Scotland,West Indies,West Indies,5 runs,Harare
"Mar 22, 2018",Zimbabwe,U.A.E.,U.A.E.,3 runs,Harare
"Mar 23, 2018",Afghanistan,Ireland,Afghanistan,5 wickets,Harare
"Mar 25, 2018",Afghanistan,West Indies,Afghanistan,7 wickets,Harare
"Jun 10, 2018",Scotland,England,Scotland,6 runs,Edinburgh
"Jun 13, 2018",England,Australia,England,3 wickets,The Oval
"Jun 16, 2018",England,Australia,England,38 runs,Cardiff
"Jun 19, 2018",England,Australia,England,242 runs,Nottingham
"Jun 21, 2018",England,Australia,England,6 wickets,Chester-le-Street
"Jun 24, 2018",England,Australia,England,1 wicket,Manchester
"Jul 12, 2018",England,India,India,8 wickets,Nottingham
"Jul 13, 2018",Zimbabwe,Pakistan,Pakistan,201 runs,Bulawayo
"Jul 14, 2018",England,India,England,86 runs,Lord's
"Jul 16, 2018",Zimbabwe,Pakistan,Pakistan,9 wickets,Bulawayo
"Jul 17, 2018",England,India,England,8 wickets,Leeds
"Jul 18, 2018",Zimbabwe,Pakistan,Pakistan,9 wickets,Bulawayo
"Jul 20, 2018",Zimbabwe,Pakistan,Pakistan,244 runs,Bulawayo
"Jul 22, 2018",Zimbabwe,Pakistan,Pakistan,131 runs,Bulawayo
"Jul 22, 2018",West Indies,Bangladesh,Bangladesh,48 runs,Providence
"Jul 25, 2018",West Indies,Bangladesh,West Indies,3 runs,Providence
"Jul 28, 2018",West Indies,Bangladesh,Bangladesh,18 runs,Basseterre
"Jul 29, 2018",Sri Lanka,South Africa,South Africa,5 wickets,Dambulla
"Aug 1, 2018",Netherlands,Nepal,Netherlands,55 runs,Amstelveen
"Aug 1, 2018",Sri Lanka,South Africa,South Africa,4 wickets,Dambulla
"Aug 3, 2018",Netherlands,Nepal,Nepal,1 run,Amstelveen
"Aug 5, 2018",Sri Lanka,South Africa,South Africa,78 runs,Pallekele
"Aug 8, 2018",Sri Lanka,South Africa,Sri Lanka,3 runs,Pallekele
"Aug 12, 2018",Sri Lanka,South Africa,Sri Lanka,178 runs,Colombo (RPS)
"Aug 27, 2018",Ireland,Afghanistan,Afghanistan,29 runs,Belfast
"Aug 29, 2018",Ireland,Afghanistan,Ireland,3 wickets,Belfast
"Aug 30, 2018",Nepal,U.A.E.,U.A.E.,78 runs,Kuala Lumpur
"Aug 31, 2018",Ireland,Afghanistan,Afghanistan,8 wickets,Belfast
"Sep 15, 2018",Bangladesh,Sri Lanka,Bangladesh,137 runs,Dubai (DSC)
"Sep 16, 2018",Hong Kong,Pakistan,Pakistan,8 wickets,Dubai (DSC)
"Sep 17, 2018",Afghanistan,Sri Lanka,Afghanistan,91 runs,Abu Dhabi
"Sep 18, 2018",Hong Kong,India,India,26 runs,Dubai (DSC)
"Sep 19, 2018",India,Pakistan,India,8 wickets,Dubai (DSC)
"Sep 20, 2018",Afghanistan,Bangladesh,Afghanistan,136 runs,Abu Dhabi
"Sep 21, 2018",Bangladesh,India,India,7 wickets,Dubai (DSC)
"Sep 21, 2018",Afghanistan,Pakistan,Pakistan,3 wickets,Abu Dhabi
"Sep 23, 2018",India,Pakistan,India,9 wickets,Dubai (DSC)
"Sep 23, 2018",Afghanistan,Bangladesh,Bangladesh,3 runs,Abu Dhabi
"Sep 25, 2018",Afghanistan,India,tied,-,Dubai (DSC)
"Sep 26, 2018",Bangladesh,Pakistan,Bangladesh,37 runs,Abu Dhabi
"Sep 28, 2018",Bangladesh,India,India,3 wickets,Dubai (DSC)
"Sep 30, 2018",South Africa,Zimbabwe,South Africa,5 wickets,Kimberley
"Oct 3, 2018",South Africa,Zimbabwe,South Africa,120 runs,Bloemfontein
"Oct 6, 2018",South Africa,Zimbabwe,South Africa,4 wickets,Paarl
"Oct 10, 2018",Sri Lanka,England,no result,-,Dambulla
"Oct 13, 2018",Sri Lanka,England,England,31 runs,Dambulla
"Oct 17, 2018",Sri Lanka,England,England,7 wickets,Pallekele
"Oct 20, 2018",Sri Lanka,England,England,18 runs,Pallekele
"Oct 21, 2018",India,West Indies,India,8 wickets,Guwahati
"Oct 21, 2018",Bangladesh,Zimbabwe,Bangladesh,28 runs,Mirpur
"Oct 23, 2018",Sri Lanka,England,Sri Lanka,219 runs,Colombo (RPS)
"Oct 24, 2018",India,West Indies,tied,-,Visakhapatnam
"Oct 24, 2018",Bangladesh,Zimbabwe,Bangladesh,7 wickets,Chattogram
"Oct 26, 2018",Bangladesh,Zimbabwe,Bangladesh,7 wickets,Chattogram
"Oct 27, 2018",India,West Indies,West Indies,43 runs,Pune
"Oct 29, 2018",India,West Indies,India,224 runs,Brabourne
"Nov 1, 2018",India,West Indies,India,9 wickets,Thiruvananthapuram
"Nov 4, 2018",Australia,South Africa,South Africa,6 wickets,Perth
"Nov 7, 2018",New Zealand,Pakistan,New Zealand,47 runs,Abu Dhabi
"Nov 9, 2018",Australia,South Africa,Australia,7 runs,Adelaide
"Nov 9, 2018",New Zealand,Pakistan,Pakistan,6 wickets,Abu Dhabi
"Nov 11, 2018",Australia,South Africa,South Africa,40 runs,Hobart
"Nov 11, 2018",New Zealand,Pakistan,no result,-,Dubai (DSC)
"Dec 9, 2018",Bangladesh,West Indies,Bangladesh,5 wickets,Mirpur
"Dec 11, 2018",Bangladesh,West Indies,West Indies,4 wickets,Mirpur
"Dec 14, 2018",Bangladesh,West Indies,Bangladesh,8 wickets,Sylhet
"Jan 3, 2019",New Zealand,Sri Lanka,New Zealand,45 runs,Mount Maunganui
"Jan 5, 2019",New Zealand,Sri Lanka,New Zealand,21 runs,Mount Maunganui
"Jan 8, 2019",New Zealand,Sri Lanka,New Zealand,115 runs,Nelson
"Jan 12, 2019",Australia,India,Australia,34 runs,Sydney
"Jan 15, 2019",Australia,India,India,6 wickets,Adelaide
"Jan 18, 2019",Australia,India,India,7 wickets,Melbourne
"Jan 19, 2019",South Africa,Pakistan,Pakistan,5 wickets,Gqeberha
"Jan 22, 2019",South Africa,Pakistan,South Africa,5 wickets,Durban
"Jan 23, 2019",New Zealand,India,India,8 wickets,Napier
"Jan 25, 2019",U.A.E.,Nepal,U.A.E.,3 wickets,ICCA Dubai
"Jan 25, 2019",South Africa,Pakistan,South Africa,13 runs,Centurion
"Jan 26, 2019",New Zealand,India,India,90 runs,Mount Maunganui
"Jan 26, 2019",U.A.E.,Nepal,Nepal,145 runs,ICCA Dubai
"Jan 27, 2019",South Africa,Pakistan,Pakistan,8 wickets,Johannesburg
"Jan 28, 2019",New Zealand,India,India,7 wickets,Mount Maunganui
"Jan 28, 2019",U.A.E.,Nepal,Nepal,4 wickets,ICCA Dubai
"Jan 30, 2019",South Africa,Pakistan,South Africa,7 wickets,Cape Town
"Jan 31, 2019",New Zealand,India,New Zealand,8 wickets,Hamilton
"Feb 3, 2019",New Zealand,India,India,35 runs,Wellington
"Feb 13, 2019",New Zealand,Bangladesh,New Zealand,8 wickets,Napier
"Feb 16, 2019",New Zealand,Bangladesh,New Zealand,8 wickets,Christchurch
"Feb 20, 2019",New Zealand,Bangladesh,New Zealand,88 runs,Dunedin
"Feb 20, 2019",West Indies,England,England,6 wickets,Bridgetown
"Feb 22, 2019",West Indies,England,West Indies,26 runs,Bridgetown
"Feb 25, 2019",West Indies,England,no result,-,St George's
"Feb 27, 2019",West Indies,England,England,29 runs,St George's
"Feb 28, 2019",Afghanistan,Ireland,Afghanistan,5 wickets,Dehradun
"Mar 2, 2019",Afghanistan,Ireland,no result,-,Dehradun
"Mar 2, 2019",India,Australia,India,6 wickets,Hyderabad
"Mar 2, 2019",West Indies,England,West Indies,7 wickets,Gros Islet
"Mar 3, 2019",South Africa,Sri Lanka,South Africa,8 wickets,Johannesburg
"Mar 5, 2019",Afghanistan,Ireland,Ireland,4 wickets,Dehradun
"Mar 5, 2019",India,Australia,India,8 runs,Nagpur
"Mar 6, 2019",South Africa,Sri Lanka,South Africa,113 runs,Centurion
"Mar 8, 2019",Afghanistan,Ireland,Afghanistan,109 runs,Dehradun
"Mar 8, 2019",India,Australia,Australia,32 runs,Ranchi
"Mar 10, 2019",Afghanistan,Ireland,Ireland,5 wickets,Dehradun
"Mar 10, 2019",India,Australia,Australia,4 wickets,Mohali
"Mar 10, 2019",South Africa,Sri Lanka,South Africa,71 runs,Durban
"Mar 13, 2019",India,Australia,Australia,35 runs,Delhi
"Mar 13, 2019",South Africa,Sri Lanka,South Africa,6 wickets,Gqeberha
"Mar 16, 2019",South Africa,Sri Lanka,South Africa,41 runs,Cape Town
"Mar 22, 2019",Australia,Pakistan,Australia,8 wickets,Sharjah
"Mar 24, 2019",Australia,Pakistan,Australia,8 wickets,Sharjah
"Mar 27, 2019",Australia,Pakistan,Australia,80 runs,Abu Dhabi
"Mar 29, 2019",Australia,Pakistan,Australia,6 runs,Dubai (DSC)
"Mar 31, 2019",Australia,Pakistan,Australia,20 runs,Dubai (DSC)
"Apr 10, 2019",Zimbabwe,U.A.E.,Zimbabwe,7 wickets,Harare
"Apr 12, 2019",Zimbabwe,U.A.E.,Zimbabwe,4 runs,Harare
"Apr 14, 2019",Zimbabwe,U.A.E.,Zimbabwe,131 runs,Harare
"Apr 16, 2019",Zimbabwe,U.A.E.,Zimbabwe,3 wickets,Harare
"Apr 27, 2019",Namibia,Oman,Namibia,145 runs,Windhoek
"Apr 27, 2019",P.N.G.,U.S.A.,P.N.G.,5 wickets,Windhoek
"May 3, 2019",Ireland,England,England,4 wickets,Dublin (Malahide)
"May 5, 2019",Ireland,West Indies,West Indies,196 runs,Dublin
"May 7, 2019",Bangladesh,West Indies,Bangladesh,8 wickets,Dublin
"May 8, 2019",England,Pakistan,no result,-,The Oval
"May 10, 2019",Scotland,Afghanistan,Afghanistan,2 runs,Edinburgh
"May 11, 2019",Ireland,West Indies,West Indies,5 wickets,Dublin (Malahide)
"May 11, 2019",England,Pakistan,England,12 runs,Southampton
"May 13, 2019",Bangladesh,West Indies,Bangladesh,5 wickets,Dublin (Malahide)
"May 14, 2019",England,Pakistan,England,6 wickets,Bristol
"May 15, 2019",Ireland,Bangladesh,Bangladesh,6 wickets,Dublin
"May 17, 2019",Bangladesh,West Indies,Bangladesh,5 wickets,Dublin (Malahide)
"May 17, 2019",England,Pakistan,England,3 wickets,Nottingham
"May 19, 2019",Ireland,Afghanistan,Ireland,72 runs,Belfast
"May 19, 2019",England,Pakistan,England,54 runs,Leeds
"May 21, 2019",Ireland,Afghanistan,Afghanistan,126 runs,Belfast
"May 21, 2019",Scotland,Sri Lanka,Sri Lanka,35 runs,Edinburgh
"May 30, 2019",England,South Africa,England,104 runs,The Oval
"May 31, 2019",Pakistan,West Indies,West Indies,7 wickets,Nottingham
"Jun 1, 2019",New Zealand,Sri Lanka,New Zealand,10 wickets,Cardiff
"Jun 1, 2019",Afghanistan,Australia,Australia,7 wickets,Bristol
"Jun 2, 2019",Bangladesh,South Africa,Bangladesh,21 runs,The Oval
"Jun 3, 2019",England,Pakistan,Pakistan,14 runs,Nottingham
"Jun 4, 2019",Afghanistan,Sri Lanka,Sri Lanka,34 runs,Cardiff
"Jun 5, 2019",India,South Africa,India,6 wickets,Southampton
"Jun 5, 2019",Bangladesh,New Zealand,New Zealand,2 wickets,The Oval
"Jun 6, 2019",Australia,West Indies,Australia,15 runs,Nottingham
"Jun 8, 2019",England,Bangladesh,England,106 runs,Cardiff
"Jun 8, 2019",Afghanistan,New Zealand,New Zealand,7 wickets,Taunton
"Jun 9, 2019",Australia,India,India,36 runs,The Oval
"Jun 10, 2019",South Africa,West Indies,no result,-,Southampton
"Jun 12, 2019",Australia,Pakistan,Australia,41 runs,Taunton
"Jun 14, 2019",England,West Indies,England,8 wickets,Southampton
"Jun 15, 2019",Australia,Sri Lanka,Australia,87 runs,The Oval
"Jun 15, 2019",Afghanistan,South Africa,South Africa,9 wickets,Cardiff
"Jun 16, 2019",India,Pakistan,India,89 runs,Manchester
"Jun 17, 2019",Bangladesh,West Indies,Bangladesh,7 wickets,Taunton
"Jun 18, 2019",England,Afghanistan,England,150 runs,Manchester
"Jun 19, 2019",Netherlands,Zimbabwe,Netherlands,7 wickets,Deventer
"Jun 19, 2019",New Zealand,South Africa,New Zealand,4 wickets,Birmingham
"Jun 20, 2019",Australia,Bangladesh,Australia,48 runs,Nottingham
"Jun 21, 2019",Netherlands,Zimbabwe,Netherlands,3 wickets,Deventer
"Jun 21, 2019",England,Sri Lanka,Sri Lanka,20 runs,Leeds
"Jun 22, 2019",Afghanistan,India,India,11 runs,Southampton
"Jun 22, 2019",New Zealand,West Indies,New Zealand,5 runs,Manchester
"Jun 23, 2019",Pakistan,South Africa,Pakistan,49 runs,Lord's
"Jun 24, 2019",Afghanistan,Bangladesh,Bangladesh,62 runs,Southampton
"Jun 25, 2019",England,Australia,Australia,64 runs,Lord's
"Jun 26, 2019",New Zealand,Pakistan,Pakistan,6 wickets,Birmingham
"Jun 27, 2019",India,West Indies,India,125 runs,Manchester
"Jun 28, 2019",South Africa,Sri Lanka,South Africa,9 wickets,Chester-le-Street
"Jun 29, 2019",Afghanistan,Pakistan,Pakistan,3 wickets,Leeds
"Jun 29, 2019",Australia,New Zealand,Australia,86 runs,Lord's
"Jun 30, 2019",England,India,England,31 runs,Birmingham
"Jul 1, 2019",Sri Lanka,West Indies,Sri Lanka,23 runs,Chester-le-Street
"Jul 1, 2019",Ireland,Zimbabwe,Ireland,4 wickets,Bready
"Jul 2, 2019",Bangladesh,India,India,28 runs,Birmingham
"Jul 3, 2019",England,New Zealand,England,119 runs,Chester-le-Street
"Jul 4, 2019",Afghanistan,West Indies,West Indies,23 runs,Leeds
"Jul 4, 2019",Ireland,Zimbabwe,Ireland,5 runs,Belfast
"Jul 5, 2019",Bangladesh,Pakistan,Pakistan,94 runs,Lord's
"Jul 6, 2019",India,Sri Lanka,India,7 wickets,Leeds
"Jul 6, 2019",Australia,South Africa,South Africa,10 runs,Manchester
"Jul 7, 2019",Ireland,Zimbabwe,Ireland,6 wickets,Belfast
"Jul 9-10, 2019",India,New Zealand,New Zealand,18 runs,Manchester
"Jul 11, 2019",England,Australia,England,8 wickets,Birmingham
"Jul 14, 2019",England,New Zealand,tied,-,Lord's
"Jul 26, 2019",Sri Lanka,Bangladesh,Sri Lanka,91 runs,Colombo (RPS)
"Jul 28, 2019",Sri Lanka,Bangladesh,Sri Lanka,7 wickets,Colombo (RPS)
"Jul 31, 2019",Sri Lanka,Bangladesh,Sri Lanka,122 runs,Colombo (RPS)
"Aug 8, 2019",West Indies,India,no result,-,Providence
"Aug 11, 2019",West Indies,India,India,59 runs,Port of Spain
"Aug 14, 2019",Oman,P.N.G.,Oman,4 wickets,Aberdeen
"Aug 14, 2019",West Indies,India,India,6 wickets,Port of Spain
"Aug 15, 2019",Scotland,Oman,Oman,8 wickets,Aberdeen
"Aug 17, 2019",Scotland,P.N.G.,Scotland,3 wickets,Aberdeen
"Aug 18, 2019",Scotland,Oman,Scotland,85 runs,Aberdeen
"Aug 20, 2019",Scotland,P.N.G.,Scotland,38 runs,Aberdeen
"Aug 21, 2019",Oman,P.N.G.,Oman,4 wickets,Aberdeen
"Sep 13, 2019",U.S.A.,P.N.G.,U.S.A.,5 runs,Lauderhill
"Sep 17, 2019",U.S.A.,Namibia,U.S.A.,5 wickets,Lauderhill
"Sep 19, 2019",U.S.A.,P.N.G.,U.S.A.,62 runs,Lauderhill
"Sep 20, 2019",U.S.A.,Namibia,Namibia,139 runs,Lauderhill
"Sep 22, 2019",Namibia,P.N.G.,Namibia,4 wickets,Lauderhill
"Sep 23, 2019",Namibia,P.N.G.,Namibia,27 runs,Lauderhill
"Sep 30, 2019",Pakistan,Sri Lanka,Pakistan,67 runs,Karachi
"Oct 2, 2019",Pakistan,Sri Lanka,Pakistan,5 wickets,Karachi
"Nov 6, 2019",Afghanistan,West Indies,West Indies,7 wickets,Lucknow
"Nov 9, 2019",Afghanistan,West Indies,West Indies,47 runs,Lucknow
"Nov 11, 2019",Afghanistan,West Indies,West Indies,5 wickets,Lucknow
"Dec 8, 2019",U.A.E.,U.S.A.,U.S.A.,3 wickets,Sharjah
"Dec 9, 2019",Scotland,U.S.A.,U.S.A.,35 runs,Sharjah
"Dec 12, 2019",U.A.E.,U.S.A.,U.S.A.,98 runs,ICCA Dubai
"Dec 14, 2019",Scotland,U.S.A.,Scotland,4 wickets,ICCA Dubai
"Dec 15, 2019",U.A.E.,Scotland,U.A.E.,7 wickets,ICCA Dubai
"Dec 15, 2019",India,West Indies,West Indies,8 wickets,Chennai
"Dec 18, 2019",India,West Indies,India,107 runs,Visakhapatnam
"Dec 22, 2019",India,West Indies,India,4 wickets,Cuttack
"Jan 5, 2020",Oman,U.A.E.,Oman,5 wickets,Al Amerat
"Jan 6, 2020",Namibia,U.A.E.,U.A.E.,8 runs,Al Amerat
"Jan 7, 2020",West Indies,Ireland,West Indies,5 wickets,Bridgetown
"Jan 8, 2020",Oman,Namibia,Namibia,52 runs,Al Amerat
"Jan 9, 2020",Namibia,U.A.E.,U.A.E.,8 wickets,Al Amerat
"Jan 9, 2020",West Indies,Ireland,West Indies,1 wicket,Bridgetown
"Jan 12, 2020",West Indies,Ireland,West Indies,5 wickets,St George's
"Jan 14, 2020",India,Australia,Australia,10 wickets,Wankhede
"Jan 17, 2020",India,Australia,India,36 runs,Rajkot
"Jan 19, 2020",India,Australia,India,7 wickets,Bengaluru
"Feb 4, 2020",South Africa,England,South Africa,7 wickets,Cape Town
"Feb 5, 2020",New Zealand,India,New Zealand,4 wickets,Hamilton
"Feb 5, 2020",Nepal,Oman,Oman,18 runs,Kirtipur
"Feb 6, 2020",Oman,U.S.A.,Oman,6 wickets,Kirtipur
"Feb 7, 2020",South Africa,England,no result,-,Durban
"Feb 8, 2020",New Zealand,India,New Zealand,22 runs,Auckland
"Feb 8, 2020",Nepal,U.S.A.,Nepal,35 runs,Kirtipur
"Feb 9, 2020",Nepal,Oman,Oman,8 wickets,Kirtipur
"Feb 9, 2020",South Africa,England,England,2 wickets,Johannesburg
"Feb 11, 2020",New Zealand,India,New Zealand,5 wickets,Mount Maunganui
"Feb 11, 2020",Oman,U.S.A.,Oman,92 runs,Kirtipur
"Feb 12, 2020",Nepal,U.S.A.,Nepal,8 wickets,Kirtipur
"Feb 22, 2020",Sri Lanka,West Indies,Sri Lanka,1 wicket,Colombo (SSC)
"Feb 26, 2020",Sri Lanka,West Indies,Sri Lanka,161 runs,Hambantota
"Feb 29, 2020",South Africa,Australia,South Africa,74 runs,Paarl
"Mar 1, 2020",Bangladesh,Zimbabwe,Bangladesh,169 runs,Sylhet
"Mar 1, 2020",Sri Lanka,West Indies,Sri Lanka,6 runs,Pallekele
"Mar 3, 2020",Bangladesh,Zimbabwe,Bangladesh,4 runs,Sylhet
"Mar 4, 2020",South Africa,Australia,South Africa,6 wickets,Bloemfontein
"Mar 6, 2020",Bangladesh,Zimbabwe,Bangladesh,123 runs,Sylhet
"Mar 7, 2020",South Africa,Australia,South Africa,6 wickets,Potchefstroom
"Mar 13, 2020",Australia,New Zealand,Australia,71 runs,Sydney
"Jul 30, 2020",England,Ireland,England,6 wickets,Southampton
"Aug 1, 2020",England,Ireland,England,4 wickets,Southampton
"Aug 4, 2020",England,Ireland,Ireland,7 wickets,Southampton
"Sep 11, 2020",England,Australia,Australia,19 runs,Manchester
"Sep 13, 2020",England,Australia,England,24 runs,Manchester
"Sep 16, 2020",England,Australia,Australia,3 wickets,Manchester
"Oct 30, 2020",Pakistan,Zimbabwe,Pakistan,26 runs,Rawalpindi
"Nov 1, 2020",Pakistan,Zimbabwe,Pakistan,6 wickets,Rawalpindi
"Nov 3, 2020",Pakistan,Zimbabwe,tied,-,Rawalpindi
"Nov 27, 2020",Australia,India,Australia,66 runs,Sydney
"Nov 29, 2020",Australia,India,Australia,51 runs,Sydney
"Dec 2, 2020",Australia,India,India,13 runs,Canberra
"Jan 8, 2021",U.A.E.,Ireland,U.A.E.,6 wickets,Abu Dhabi
"Jan 18, 2021",U.A.E.,Ireland,Ireland,112 runs,Abu Dhabi
"Jan 20, 2021",Bangladesh,West Indies,Bangladesh,6 wickets,Mirpur
"Jan 21, 2021",Afghanistan,Ireland,Afghanistan,16 runs,Abu Dhabi
"Jan 22, 2021",Bangladesh,West Indies,Bangladesh,7 wickets,Mirpur
"Jan 24, 2021",Afghanistan,Ireland,Afghanistan,7 wickets,Abu Dhabi
"Jan 25, 2021",Bangladesh,West Indies,Bangladesh,120 runs,Chattogram
"Jan 26, 2021",Afghanistan,Ireland,Afghanistan,36 runs,Abu Dhabi
"Mar 10, 2021",West Indies,Sri Lanka,West Indies,8 wickets,North Sound
"Mar 12, 2021",West Indies,Sri Lanka,West Indies,5 wickets,North Sound
"Mar 14, 2021",West Indies,Sri Lanka,West Indies,5 wickets,North Sound
"Mar 20, 2021",New Zealand,Bangladesh,New Zealand,8 wickets,Dunedin
"Mar 23, 2021",New Zealand,Bangladesh,New Zealand,5 wickets,Christchurch
"Mar 23, 2021",India,England,India,66 runs,Pune
"Mar 26, 2021",New Zealand,Bangladesh,New Zealand,164 runs,Wellington
"Mar 26, 2021",India,England,England,6 wickets,Pune
"Mar 28, 2021",India,England,India,7 runs,Pune
"Apr 2, 2021",South Africa,Pakistan,Pakistan,3 wickets,Centurion
"Apr 4, 2021",South Africa,Pakistan,South Africa,17 runs,Johannesburg
"Apr 7, 2021",South Africa,Pakistan,Pakistan,28 runs,Centurion
"May 19, 2021",Netherlands,Scotland,Netherlands,14 runs,Rotterdam
"May 20, 2021",Netherlands,Scotland,Scotland,6 wickets,Rotterdam
"May 23, 2021",Bangladesh,Sri Lanka,Bangladesh,33 runs,Mirpur
"May 25, 2021",Bangladesh,Sri Lanka,Bangladesh,103 runs,Mirpur
"May 28, 2021",Bangladesh,Sri Lanka,Sri Lanka,97 runs,Mirpur
"Jun 2, 2021",Netherlands,Ireland,Netherlands,1 run,Utrecht
"Jun 4, 2021",Netherlands,Ireland,Ireland,8 wickets,Utrecht
"Jun 7, 2021",Netherlands,Ireland,Netherlands,4 wickets,Utrecht
"Jun 29, 2021",England,Sri Lanka,England,5 wickets,Chester-le-Street
"Jul 1, 2021",England,Sri Lanka,England,8 wickets,The Oval
"Jul 4, 2021",England,Sri Lanka,no result,-,Bristol
"Jul 8, 2021",England,Pakistan,England,9 wickets,Cardiff
"Jul 10, 2021",England,Pakistan,England,52 runs,Lord's
"Jul 11, 2021",Ireland,South Africa,no result,-,Dublin (Malahide)
"Jul 13, 2021",Ireland,South Africa,Ireland,43 runs,Dublin (Malahide)
"Jul 13, 2021",England,Pakistan,England,3 wickets,Birmingham
"Jul 16, 2021",Zimbabwe,Bangladesh,Bangladesh,155 runs,Harare
"Jul 16, 2021",Ireland,South Africa,South Africa,70 runs,Dublin (Malahide)
"Jul 18, 2021",Zimbabwe,Bangladesh,Bangladesh,3 wickets,Harare
"Jul 18, 2021",Sri Lanka,India,India,7 wickets,Colombo (RPS)
"Jul 20, 2021",Zimbabwe,Bangladesh,Bangladesh,5 wickets,Harare
"Jul 20, 2021",Sri Lanka,India,India,3 wickets,Colombo (RPS)
"Jul 20, 2021",West Indies,Australia,Australia,133 runs,Bridgetown
"Jul 22-24, 2021",West Indies,Australia,West Indies,4 wickets,Bridgetown
"Jul 23, 2021",Sri Lanka,India,Sri Lanka,3 wickets,Colombo (RPS)
"Jul 26, 2021",West Indies,Australia,Australia,6 wickets,Bridgetown
"Sep 2, 2021",Sri Lanka,South Africa,Sri Lanka,14 runs,Colombo (RPS)
"Sep 4, 2021",Sri Lanka,South Africa,South Africa,67 runs,Colombo (RPS)
"Sep 6, 2021",P.N.G.,U.S.A.,U.S.A.,7 wickets,Al Amerat
"Sep 7, 2021",Nepal,P.N.G.,Nepal,2 wickets,Al Amerat
"Sep 7, 2021",Sri Lanka,South Africa,Sri Lanka,78 runs,Colombo (RPS)
"Sep 8, 2021",Ireland,Zimbabwe,Zimbabwe,38 runs,Belfast
"Sep 9, 2021",P.N.G.,U.S.A.,U.S.A.,134 runs,Al Amerat
"Sep 10, 2021",Ireland,Zimbabwe,no result,-,Belfast
"Sep 10, 2021",Nepal,P.N.G.,Nepal,151 runs,Al Amerat
"Sep 13, 2021",Ireland,Zimbabwe,Ireland,7 wickets,Belfast
"Sep 13, 2021",Nepal,U.S.A.,Nepal,5 wickets,Al Amerat
"Sep 14, 2021",Oman,Nepal,Oman,5 wickets,Al Amerat
"Sep 16, 2021",Oman,U.S.A.,Oman,4 wickets,Al Amerat
"Sep 17, 2021",Nepal,U.S.A.,U.S.A.,6 wickets,Al Amerat
"Sep 19, 2021",Oman,Nepal,Nepal,7 wickets,Al Amerat
"Sep 20, 2021",Oman,U.S.A.,Oman,72 runs,Al Amerat
"Sep 25, 2021",P.N.G.,Scotland,Scotland,6 wickets,Al Amerat
"Sep 26, 2021",Oman,P.N.G.,Oman,110 runs,Al Amerat
"Sep 28, 2021",Oman,Scotland,Scotland,18 runs,Al Amerat
"Sep 29, 2021",P.N.G.,Scotland,Scotland,4 wickets,Al Amerat
"Oct 1, 2021",Oman,P.N.G.,Oman,3 wickets,Al Amerat
"Oct 2, 2021",Oman,Scotland,no result,-,Al Amerat
"Nov 26, 2021",Namibia,Oman,Namibia,40 runs,Windhoek
"Nov 26, 2021",South Africa,Netherlands,no result,-,Centurion
"Nov 27, 2021",Namibia,Oman,Oman,9 runs,Windhoek
"Jan 8, 2022",West Indies,Ireland,West Indies,24 runs,Kingston
"Jan 13, 2022",West Indies,Ireland,Ireland,5 wickets,Kingston
"Jan 16, 2022",Sri Lanka,Zimbabwe,Sri Lanka,5 wickets,Pallekele
"Jan 16, 2022",West Indies,Ireland,Ireland,2 wickets,Kingston
"Jan 18, 2022",Sri Lanka,Zimbabwe,Zimbabwe,22 runs,Pallekele
"Jan 19, 2022",South Africa,India,South Africa,31 runs,Paarl
"Jan 21, 2022",Afghanistan,Netherlands,Afghanistan,36 runs,Doha
"Jan 21, 2022",South Africa,India,South Africa,7 wickets,Paarl
"Jan 21, 2022",Sri Lanka,Zimbabwe,Sri Lanka,184 runs,Pallekele
"Jan 23, 2022",Afghanistan,Netherlands,Afghanistan,48 runs,Doha
"Jan 23, 2022",South Africa,India,South Africa,4 runs,Cape Town
"Jan 25, 2022",Afghanistan,Netherlands,Afghanistan,75 runs,Doha
"Feb 5, 2022",Oman,U.A.E.,U.A.E.,4 wickets,Al Amerat
"Feb 6, 2022",Oman,U.A.E.,U.A.E.,4 wickets,Al Amerat
"Feb 6, 2022",India,West Indies,India,6 wickets,Ahmedabad
"Feb 8, 2022",Oman,U.A.E.,tied,-,Al Amerat
"Feb 9, 2022",India,West Indies,India,44 runs,Ahmedabad
"Feb 11, 2022",India,West Indies,India,96 runs,Ahmedabad
"Feb 23, 2022",Bangladesh,Afghanistan,Bangladesh,4 wickets,Chattogram
"Feb 25, 2022",Bangladesh,Afghanistan,Bangladesh,88 runs,Chattogram
"Feb 28, 2022",Bangladesh,Afghanistan,Afghanistan,7 wickets,Chattogram
"Mar 5, 2022",U.A.E.,Oman,Oman,12 runs,ICCA Dubai
"Mar 6, 2022",Namibia,Oman,Namibia,110 runs,ICCA Dubai
"Mar 8, 2022",U.A.E.,Namibia,U.A.E.,3 wickets,ICCA Dubai
"Mar 9, 2022",U.A.E.,Oman,Oman,8 runs,ICCA Dubai
"Mar 11, 2022",Namibia,Oman,Oman,7 wickets,Sharjah
"Mar 12, 2022",U.A.E.,Namibia,U.A.E.,43 runs,Sharjah
"Mar 14, 2022",Namibia,Oman,Namibia,5 wickets,Dubai (DSC)
"Mar 15, 2022",U.A.E.,P.N.G.,U.A.E.,7 wickets,Sharjah
"Mar 16, 2022",Nepal,P.N.G.,Nepal,2 wickets,Sharjah
"Mar 18, 2022",U.A.E.,Nepal,U.A.E.,48 runs,Dubai (DSC)
"Mar 18, 2022",South Africa,Bangladesh,Bangladesh,38 runs,Centurion
"Mar 19, 2022",U.A.E.,P.N.G.,P.N.G.,6 wickets,Dubai (DSC)
"Mar 20, 2022",South Africa,Bangladesh,South Africa,7 wickets,Johannesburg
"Mar 21, 2022",U.A.E.,Nepal,U.A.E.,99 runs,Dubai (DSC)
"Mar 22, 2022",Nepal,P.N.G.,Nepal,7 wickets,Dubai (DSC)
"Mar 23, 2022",South Africa,Bangladesh,Bangladesh,9 wickets,Centurion
"Mar 25, 2022",Nepal,P.N.G.,P.N.G.,6 runs,Kirtipur
"Mar 26, 2022",Nepal,P.N.G.,P.N.G.,3 wickets,Kirtipur
"Mar 29, 2022",New Zealand,Netherlands,New Zealand,7 wickets,Mount Maunganui
"Mar 29, 2022",Pakistan,Australia,Australia,88 runs,Lahore
"Mar 31, 2022",Pakistan,Australia,Pakistan,6 wickets,Lahore
"Apr 2, 2022",New Zealand,Netherlands,New Zealand,118 runs,Hamilton
"Apr 2, 2022",Pakistan,Australia,Pakistan,9 wickets,Lahore
"Apr 4, 2022",New Zealand,Netherlands,New Zealand,115 runs,Hamilton
"Apr 9, 2022",P.N.G.,Scotland,Scotland,162 runs,Dubai (DSC)
"Apr 10, 2022",Oman,Scotland,Scotland,4 runs,Dubai (DSC)
"Apr 12, 2022",Oman,P.N.G.,Oman,7 wickets,Dubai (DSC)
"Apr 13, 2022",P.N.G.,Scotland,Scotland,123 runs,Dubai (DSC)
"Apr 15, 2022",Oman,Scotland,Scotland,2 wickets,Dubai (DSC)
"Apr 16, 2022",Oman,P.N.G.,Oman,85 runs,Dubai (DSC)
"May 28, 2022",U.S.A.,Scotland,U.S.A.,104 runs,Pearland
"May 29, 2022",U.S.A.,Scotland,Scotland,111 runs,Pearland
"May 31, 2022",Netherlands,West Indies,West Indies,7 wickets,Amstelveen
"May 31, 2022",Scotland,U.A.E.,Scotland,4 wickets,Pearland
"Jun 1, 2022",U.S.A.,U.A.E.,U.S.A.,4 wickets,Pearland
"Jun 2, 2022",Netherlands,West Indies,West Indies,5 wickets,Amstelveen
"Jun 3, 2022",Scotland,U.A.E.,U.A.E.,5 wickets,Pearland
"Jun 4, 2022",Zimbabwe,Afghanistan,Afghanistan,60 runs,Harare
"Jun 4, 2022",Netherlands,West Indies,West Indies,20 runs,Amstelveen
"Jun 4, 2022",U.S.A.,U.A.E.,U.A.E.,8 wickets,Pearland
"Jun 6, 2022",Zimbabwe,Afghanistan,Afghanistan,8 wickets,Harare
"Jun 8, 2022",Pakistan,West Indies,Pakistan,5 wickets,Multan
"Jun 8, 2022",U.S.A.,Oman,U.S.A.,114 runs,Pearland
"Jun 9, 2022",Zimbabwe,Afghanistan,Afghanistan,4 wickets,Harare
"Jun 9, 2022",Nepal,Oman,Oman,13 runs,Pearland
"Jun 10, 2022",Pakistan,West Indies,Pakistan,120 runs,Multan
"Jun 11, 2022",U.S.A.,Nepal,tied,-,Pearland
"Jun 12, 2022",Pakistan,West Indies,Pakistan,53 runs,Multan
"Jun 12, 2022",U.S.A.,Oman,Oman,13 runs,Pearland
"Jun 14, 2022",Sri Lanka,Australia,Australia,2 wickets,Pallekele
"Jun 14, 2022",Nepal,Oman,Nepal,7 wickets,Pearland
"Jun 15, 2022",U.S.A.,Nepal,U.S.A.,39 runs,Pearland
"Jun 16, 2022",Sri Lanka,Australia,Sri Lanka,26 runs,Pallekele
"Jun 17, 2022",Netherlands,England,England,232 runs,Amstelveen
"Jun 19, 2022",Netherlands,England,England,6 wickets,Amstelveen
"Jun 19, 2022",Sri Lanka,Australia,Sri Lanka,6 wickets,Colombo (RPS)
"Jun 21, 2022",Sri Lanka,Australia,Sri Lanka,4 runs,Colombo (RPS)
"Jun 22, 2022",Netherlands,England,England,8 wickets,Amstelveen
"Jun 24, 2022",Sri Lanka,Australia,Australia,4 wickets,Colombo (RPS)
"Jul 10, 2022",Ireland,New Zealand,New Zealand,1 wicket,Dublin (Malahide)
"Jul 10, 2022",Scotland,Namibia,Scotland,77 runs,Glasgow
"Jul 10, 2022",West Indies,Bangladesh,Bangladesh,6 wickets,Providence
"Jul 11, 2022",Namibia,Nepal,Namibia,40 runs,Ayr
"Jul 12, 2022",Ireland,New Zealand,New Zealand,3 wickets,Dublin (Malahide)
"Jul 12, 2022",England,India,India,10 wickets,The Oval
"Jul 13, 2022",Scotland,Nepal,Nepal,5 wickets,Glasgow
"Jul 13, 2022",West Indies,Bangladesh,Bangladesh,9 wickets,Providence
"Jul 14, 2022",Scotland,Namibia,Scotland,3 wickets,Glasgow
"Jul 14, 2022",England,India,England,100 runs,Lord's
"Jul 15, 2022",Ireland,New Zealand,New Zealand,1 run,Dublin (Malahide)
"Jul 16, 2022",Namibia,Nepal,Namibia,63 runs,Ayr
"Jul 16, 2022",West Indies,Bangladesh,Bangladesh,4 wickets,Providence
"Jul 17, 2022",Scotland,Nepal,Scotland,8 wickets,Glasgow
"Jul 17, 2022",England,India,India,5 wickets,Manchester
"Jul 19, 2022",England,South Africa,South Africa,62 runs,Chester-le-Street
"Jul 22, 2022",England,South Africa,England,118 runs,Manchester
"Jul 22, 2022",West Indies,India,India,3 runs,Port of Spain
"Jul 24, 2022",England,South Africa,no result,-,Leeds
"Jul 24, 2022",West Indies,India,India,2 wickets,Port of Spain
"Jul 27, 2022",West Indies,India,India,119 runs,Port of Spain
"Jul 31, 2022",Scotland,New Zealand,New Zealand,7 wickets,Edinburgh
"Aug 5, 2022",Zimbabwe,Bangladesh,Zimbabwe,5 wickets,Harare
"Aug 7, 2022",Zimbabwe,Bangladesh,Zimbabwe,5 wickets,Harare
"Aug 10, 2022",Zimbabwe,Bangladesh,Bangladesh,105 runs,Harare
"Aug 10, 2022",Scotland,U.A.E.,Scotland,64 runs,Aberdeen
"Aug 11, 2022",U.A.E.,U.S.A.,U.S.A.,1 wicket,Aberdeen
"Aug 13, 2022",Scotland,U.S.A.,Scotland,5 wickets,Aberdeen
"Aug 14, 2022",Scotland,U.A.E.,Scotland,86 runs,Aberdeen
"Aug 16, 2022",Netherlands,Pakistan,Pakistan,16 runs,Rotterdam
"Aug 17, 2022",Scotland,U.S.A.,U.S.A.,2 wickets,Aberdeen
"Aug 17, 2022",West Indies,New Zealand,West Indies,5 wickets,Bridgetown
"Aug 18, 2022",Zimbabwe,India,India,10 wickets,Harare
"Aug 18, 2022",Netherlands,Pakistan,Pakistan,7 wickets,Rotterdam
"Aug 19, 2022",West Indies,New Zealand,New Zealand,50 runs,Bridgetown
"Aug 20, 2022",Zimbabwe,India,India,5 wickets,Harare
"Aug 21, 2022",Netherlands,Pakistan,Pakistan,9 runs,Rotterdam
"Aug 21, 2022",West Indies,New Zealand,New Zealand,5 wickets,Bridgetown
"Aug 22, 2022",Zimbabwe,India,India,13 runs,Harare
"Aug 28, 2022",Australia,Zimbabwe,Australia,5 wickets,Townsville
"Aug 31, 2022",Australia,Zimbabwe,Australia,8 wickets,Townsville
"Sep 3, 2022",Australia,Zimbabwe,Zimbabwe,3 wickets,Townsville
"Sep 6, 2022",Australia,New Zealand,Australia,2 wickets,Cairns
"Sep 8, 2022",Australia,New Zealand,Australia,113 runs,Cairns
"Sep 11, 2022",P.N.G.,U.S.A.,tied,-,Port Moresby
"Sep 11, 2022",Australia,New Zealand,Australia,25 runs,Cairns
"Sep 13, 2022",P.N.G.,U.S.A.,P.N.G.,26 runs,Port Moresby
"Sep 15, 2022",Namibia,U.S.A.,Namibia,79 runs,Port Moresby
"Sep 17, 2022",Namibia,U.S.A.,Namibia,68 runs,Port Moresby
"Sep 20, 2022",P.N.G.,Namibia,Namibia,167 runs,Port Moresby
"Sep 21, 2022",P.N.G.,Namibia,Namibia,61 runs,Port Moresby
"Oct 6, 2022",India,South Africa,South Africa,9 runs,Lucknow
"Oct 9, 2022",India,South Africa,India,7 wickets,Ranchi
"Oct 11, 2022",India,South Africa,India,7 wickets,Delhi
"Nov 14, 2022",Nepal,U.A.E.,U.A.E.,84 runs,Kirtipur
"Nov 16, 2022",Nepal,U.A.E.,Nepal,3 wickets,Kirtipur
"Nov 17, 2022",Australia,England,Australia,6 wickets,Adelaide
"Nov 18, 2022",Nepal,U.A.E.,Nepal,6 wickets,Kirtipur
"Nov 19, 2022",Australia,England,Australia,72 runs,Sydney
"Nov 19, 2022",Namibia,P.N.G.,Namibia,8 wickets,Windhoek
"Nov 20, 2022",Namibia,U.S.A.,U.S.A.,71 runs,Windhoek
"Nov 22, 2022",Australia,England,Australia,221 runs,Melbourne
"Nov 22, 2022",P.N.G.,U.S.A.,U.S.A.,6 wickets,Windhoek
"Nov 23, 2022",Namibia,P.N.G.,Namibia,3 wickets,Windhoek
"Nov 25, 2022",New Zealand,India,New Zealand,7 wickets,Auckland
"Nov 25, 2022",P.N.G.,U.S.A.,U.S.A.,35 runs,Windhoek
"Nov 25, 2022",Sri Lanka,Afghanistan,Afghanistan,60 runs,Pallekele
"Nov 26, 2022",Namibia,U.S.A.,Namibia,6 wickets,Windhoek
"Nov 27, 2022",New Zealand,India,no result,-,Hamilton
"Nov 27, 2022",Sri Lanka,Afghanistan,no result,-,Pallekele
"Nov 30, 2022",New Zealand,India,no result,-,Christchurch
"Nov 30, 2022",Sri Lanka,Afghanistan,Sri Lanka,4 wickets,Pallekele
"Dec 1, 2022",Namibia,Scotland,Scotland,4 wickets,Windhoek
"Dec 2, 2022",Namibia,Nepal,no result,-,Windhoek
"Dec 4, 2022",Bangladesh,India,Bangladesh,1 wicket,Mirpur
"Dec 4, 2022",Nepal,Scotland,Scotland,3 wickets,Windhoek
"Dec 5, 2022",Namibia,Scotland,Namibia,3 wickets,Windhoek
"Dec 7, 2022",Bangladesh,India,Bangladesh,5 runs,Mirpur
"Dec 7, 2022",Namibia,Nepal,Namibia,86 runs,Windhoek
"Dec 8, 2022",Nepal,Scotland,Scotland,8 wickets,Windhoek
"Dec 10, 2022",Bangladesh,India,India,227 runs,Chattogram
"Jan 9, 2023",Pakistan,New Zealand,Pakistan,6 wickets,Karachi
"Jan 10, 2023",India,Sri Lanka,India,67 runs,Guwahati
"Jan 11, 2023",Pakistan,New Zealand,New Zealand,79 runs,Karachi
"Jan 12, 2023",India,Sri Lanka,India,4 wickets,Eden Gardens
"Jan 13, 2023",Pakistan,New Zealand,New Zealand,2 wickets,Karachi
"Jan 15, 2023",India,Sri Lanka,India,317 runs,Thiruvananthapuram
"Jan 18, 2023",Zimbabwe,Ireland,Zimbabwe,3 wickets,Harare
"Jan 18, 2023",India,New Zealand,India,12 runs,Hyderabad
"Jan 21, 2023",Zimbabwe,Ireland,Ireland,46 runs,Harare
"Jan 21, 2023",India,New Zealand,India,8 wickets,Raipur
"Jan 23, 2023",Zimbabwe,Ireland,no result,-,Harare
"Jan 24, 2023",India,New Zealand,India,90 runs,Indore
"Jan 27, 2023",South Africa,England,South Africa,27 runs,Bloemfontein
"Jan 29, 2023",South Africa,England,South Africa,5 wickets,Bloemfontein
"Feb 1, 2023",South Africa,England,England,59 runs,Kimberley
"Feb 14, 2023",Nepal,Namibia,Nepal,2 wickets,Kirtipur
"Feb 15, 2023",Namibia,Scotland,Scotland,10 wickets,Kirtipur
"Feb 17, 2023",Nepal,Scotland,Nepal,3 wickets,Kirtipur
"Feb 18, 2023",Nepal,Namibia,Nepal,3 wickets,Kirtipur
"Feb 20, 2023",Namibia,Scotland,Scotland,43 runs,Kirtipur
"Feb 21, 2023",Nepal,Scotland,Nepal,2 wickets,Kirtipur
"Feb 23, 2023",U.A.E.,Namibia,U.A.E.,1 wicket,Dubai (DSC)
"Feb 25, 2023",U.A.E.,Namibia,Namibia,7 wickets,Dubai (DSC)
"Feb 27, 2023",Nepal,P.N.G.,Nepal,4 wickets,Dubai (DSC)
"Feb 28, 2023",U.A.E.,P.N.G.,P.N.G.,131 runs,Dubai (DSC)
"Mar 1, 2023",Bangladesh,England,England,3 wickets,Mirpur
"Mar 2, 2023",U.A.E.,Nepal,U.A.E.,68 runs,Dubai (DSC)
"Mar 3, 2023",Nepal,P.N.G.,Nepal,3 wickets,Dubai (DSC)
"Mar 3, 2023",Bangladesh,England,England,132 runs,Mirpur
"Mar 5, 2023",U.A.E.,P.N.G.,P.N.G.,5 wickets,Dubai (DSC)
"Mar 6, 2023",U.A.E.,Nepal,Nepal,42 runs,Dubai (DSC)
"Mar 6, 2023",Bangladesh,England,Bangladesh,50 runs,Chattogram
"Mar 9, 2023",Nepal,P.N.G.,Nepal,52 runs,Kirtipur
"Mar 10, 2023",P.N.G.,U.A.E.,P.N.G.,56 runs,Kirtipur
"Mar 12, 2023",Nepal,U.A.E.,Nepal,177 runs,Kirtipur
"Mar 13, 2023",Nepal,P.N.G.,Nepal,9 wickets,Kirtipur
"Mar 15, 2023",P.N.G.,U.A.E.,U.A.E.,6 wickets,Kirtipur
"Mar 16, 2023",Nepal,U.A.E.,Nepal,9 runs,Kirtipur
"Mar 17, 2023",India,Australia,India,5 wickets,Wankhede
"Mar 18, 2023",Bangladesh,Ireland,Bangladesh,183 runs,Sylhet
"Mar 18, 2023",South Africa,West Indies,West Indies,48 runs,East London
"Mar 19, 2023",India,Australia,Australia,10 wickets,Visakhapatnam
"Mar 20, 2023",Bangladesh,Ireland,no result,-,Sylhet
"Mar 21, 2023",Zimbabwe,Netherlands,Netherlands,3 wickets,Harare
"Mar 21, 2023",South Africa,West Indies,South Africa,4 wickets,Potchefstroom
"Mar 22, 2023",India,Australia,Australia,21 runs,Chennai
"Mar 23, 2023",Zimbabwe,Netherlands,Zimbabwe,1 run,Harare
"Mar 23, 2023",Bangladesh,Ireland,Bangladesh,10 wickets,Sylhet
"Mar 25, 2023",New Zealand,Sri Lanka,New Zealand,198 runs,Auckland
"Mar 25, 2023",Zimbabwe,Netherlands,Zimbabwe,7 wickets,Harare
"Mar 26, 2023",Namibia,U.S.A.,U.S.A.,80 runs,Windhoek
"Mar 27, 2023",P.N.G.,U.A.E.,U.A.E.,21 runs,Windhoek
"Mar 27, 2023",Canada,Jersey,Canada,31 runs,Windhoek
"Mar 29, 2023",Canada,U.S.A.,Canada,26 runs,Windhoek
"Mar 29, 2023",Namibia,P.N.G.,Namibia,48 runs,Windhoek
"Mar 30, 2023",Namibia,Jersey,Namibia,8 wickets,Windhoek
"Mar 30, 2023",U.A.E.,U.S.A.,U.S.A.,5 wickets,Windhoek
"Mar 31, 2023",New Zealand,Sri Lanka,New Zealand,6 wickets,Hamilton
"Mar 31, 2023",South Africa,Netherlands,South Africa,8 wickets,Benoni
"Apr 1, 2023",Canada,U.A.E.,U.A.E.,6 wickets,Windhoek
"Apr 1, 2023",Jersey,P.N.G.,Jersey,11 runs,Windhoek
"Apr 2, 2023",P.N.G.,U.S.A.,U.S.A.,117 runs,Windhoek
"Apr 2, 2023",Namibia,U.A.E.,U.A.E.,28 runs,Windhoek
"Apr 2, 2023",South Africa,Netherlands,South Africa,146 runs,Johannesburg
"Apr 4, 2023",Namibia,Canada,Namibia,111 runs,Windhoek
"Apr 4, 2023",Jersey,U.S.A.,U.S.A.,25 runs,Windhoek
"Apr 5, 2023",Jersey,U.A.E.,U.A.E.,66 runs,Windhoek
"Apr 5, 2023",Canada,P.N.G.,Canada,90 runs,Windhoek
"Apr 21, 2023",Nepal,Oman,Nepal,84 runs,Kirtipur
"Apr 27, 2023",Pakistan,New Zealand,Pakistan,5 wickets,Rawalpindi
"Apr 29, 2023",Oman,U.A.E.,U.A.E.,2 runs,Mulpani
"Apr 29, 2023",Pakistan,New Zealand,Pakistan,7 wickets,Rawalpindi
"May 1-2, 2023",Nepal,U.A.E.,Nepal,7 wickets,Kirtipur
"May 3, 2023",Pakistan,New Zealand,Pakistan,26 runs,Karachi
"May 5, 2023",Pakistan,New Zealand,Pakistan,102 runs,Karachi
"May 7, 2023",Pakistan,New Zealand,New Zealand,47 runs,Karachi
"May 9, 2023",Bangladesh,Ireland,no result,-,Chelmsford
"May 12, 2023",Bangladesh,Ireland,Bangladesh,3 wickets,Chelmsford
"May 14, 2023",Bangladesh,Ireland,Bangladesh,5 runs,Chelmsford
"Jun 2, 2023",Sri Lanka,Afghanistan,Afghanistan,6 wickets,Hambantota
"Jun 4, 2023",Sri Lanka,Afghanistan,Sri Lanka,132 runs,Hambantota
"Jun 4, 2023",U.A.E.,West Indies,West Indies,7 wickets,Sharjah
"Jun 6, 2023",U.A.E.,West Indies,West Indies,78 runs,Sharjah
"Jun 7, 2023",Sri Lanka,Afghanistan,Sri Lanka,9 wickets,Hambantota
"Jun 9, 2023",U.A.E.,West Indies,West Indies,4 wickets,Sharjah
"Jun 18, 2023",Zimbabwe,Nepal,Zimbabwe,8 wickets,Harare
"Jun 18, 2023",U.S.A.,West Indies,West Indies,39 runs,Harare
"Jun 19, 2023",Sri Lanka,U.A.E.,Sri Lanka,175 runs,Bulawayo
"Jun 19, 2023",Ireland,Oman,Oman,5 wickets,Bulawayo
"Jun 20, 2023",Zimbabwe,Netherlands,Zimbabwe,6 wickets,Harare
"Jun 20, 2023",Nepal,U.S.A.,Nepal,6 wickets,Harare
"Jun 21, 2023",Ireland,Scotland,Scotland,1 wicket,Bulawayo
"Jun 21, 2023",Oman,U.A.E.,Oman,5 wickets,Bulawayo
"Jun 22, 2023",Nepal,West Indies,West Indies,101 runs,Harare
"Jun 22, 2023",Netherlands,U.S.A.,Netherlands,5 wickets,Harare
"Jun 23, 2023",Oman,Sri Lanka,Sri Lanka,10 wickets,Bulawayo
"Jun 23, 2023",Scotland,U.A.E.,Scotland,111 runs,Bulawayo
"Jun 24, 2023",Zimbabwe,West Indies,Zimbabwe,35 runs,Harare
"Jun 24, 2023",Nepal,Netherlands,Netherlands,7 wickets,Harare
"Jun 25, 2023",Ireland,Sri Lanka,Sri Lanka,133 runs,Bulawayo
"Jun 25, 2023",Oman,Scotland,Scotland,76 runs,Bulawayo
"Jun 26, 2023",Zimbabwe,U.S.A.,Zimbabwe,304 runs,Harare
"Jun 26, 2023",Netherlands,West Indies,tied,-,Harare
"Jun 27, 2023",Scotland,Sri Lanka,Sri Lanka,82 runs,Bulawayo
"Jun 27, 2023",Ireland,U.A.E.,Ireland,138 runs,Bulawayo
"Jun 29, 2023",Zimbabwe,Oman,Zimbabwe,14 runs,Bulawayo
"Jun 30, 2023",Netherlands,Sri Lanka,Sri Lanka,21 runs,Bulawayo
"Jun 30, 2023",Ireland,U.S.A.,Ireland,6 wickets,Harare
"Jul 1, 2023",Scotland,West Indies,Scotland,7 wickets,Harare
"Jul 2, 2023",Zimbabwe,Sri Lanka,Sri Lanka,9 wickets,Bulawayo
"Jul 2, 2023",Nepal,U.A.E.,Nepal,3 wickets,Harare
"Jul 3, 2023",Netherlands,Oman,Netherlands,74 runs,Harare
"Jul 4, 2023",Zimbabwe,Scotland,Scotland,31 runs,Bulawayo
"Jul 4, 2023",Ireland,Nepal,Ireland,2 wickets,Harare
"Jul 5, 2023",Oman,West Indies,West Indies,7 wickets,Harare
"Jul 5, 2023",Bangladesh,Afghanistan,Afghanistan,17 runs,Chattogram
"Jul 6, 2023",Netherlands,Scotland,Netherlands,4 wickets,Bulawayo
"Jul 6, 2023",U.A.E.,U.S.A.,U.A.E.,1 run,Harare
"Jul 7, 2023",Sri Lanka,West Indies,Sri Lanka,8 wickets,Harare
"Jul 8, 2023",Bangladesh,Afghanistan,Afghanistan,142 runs,Chattogram
"Jul 9, 2023",Netherlands,Sri Lanka,Sri Lanka,128 runs,Harare
"Jul 11, 2023",Bangladesh,Afghanistan,Bangladesh,7 wickets,Chattogram
"Jul 27, 2023",West Indies,India,India,5 wickets,Bridgetown
"Jul 29, 2023",West Indies,India,West Indies,6 wickets,Bridgetown
"Aug 1, 2023",West Indies,India,India,200 runs,Tarouba
"Aug 22, 2023",Afghanistan,Pakistan,Pakistan,142 runs,Hambantota
"Aug 24, 2023",Afghanistan,Pakistan,Pakistan,1 wicket,Hambantota
"Aug 26, 2023",Afghanistan,Pakistan,Pakistan,59 runs,Colombo (RPS)
"Aug 30, 2023",Pakistan,Nepal,Pakistan,238 runs,Multan
"Aug 31, 2023",Sri Lanka,Bangladesh,Sri Lanka,5 wickets,Pallekele
"Sep 2, 2023",India,Pakistan,no result,-,Pallekele
"Sep 3, 2023",Afghanistan,Bangladesh,Bangladesh,89 runs,Lahore
"Sep 4, 2023",India,Nepal,India,10 wickets,Pallekele
"Sep 5, 2023",Afghanistan,Sri Lanka,Sri Lanka,2 runs,Lahore
"Sep 6, 2023",Pakistan,Bangladesh,Pakistan,7 wickets,Lahore
"Sep 7, 2023",South Africa,Australia,Australia,3 wickets,Bloemfontein
"Sep 8, 2023",England,New Zealand,New Zealand,8 wickets,Cardiff
"Sep 9, 2023",Sri Lanka,Bangladesh,Sri Lanka,21 runs,Colombo (RPS)
"Sep 9, 2023",South Africa,Australia,Australia,123 runs,Bloemfontein
"Sep 10-11, 2023",India,Pakistan,India,228 runs,Colombo (RPS)
"Sep 10, 2023",England,New Zealand,England,79 runs,Southampton
"Sep 12, 2023",Sri Lanka,India,India,41 runs,Colombo (RPS)
"Sep 12, 2023",South Africa,Australia,South Africa,111 runs,Potchefstroom
"Sep 13, 2023",England,New Zealand,England,181 runs,The Oval
"Sep 14, 2023",Sri Lanka,Pakistan,Sri Lanka,2 wickets,Colombo (RPS)
"Sep 15, 2023",Bangladesh,India,Bangladesh,6 runs,Colombo (RPS)
"Sep 15, 2023",South Africa,Australia,South Africa,164 runs,Centurion
"Sep 15, 2023",England,New Zealand,England,100 runs,Lord's
"Sep 17, 2023",South Africa,Australia,South Africa,122 runs,Johannesburg
"Sep 17, 2023",Sri Lanka,India,India,10 wickets,Colombo (RPS)
"Sep 21, 2023",Bangladesh,New Zealand,no result,-,Mirpur
"Sep 22, 2023",India,Australia,India,5 wickets,Mohali
"Sep 23, 2023",Bangladesh,New Zealand,New Zealand,86 runs,Mirpur
"Sep 23, 2023",England,Ireland,England,48 runs,Nottingham
"Sep 24, 2023",India,Australia,India,99 runs,Indore
"Sep 26, 2023",Bangladesh,New Zealand,New Zealand,7 wickets,Mirpur
"Sep 26, 2023",England,Ireland,no result,-,Bristol
"Sep 27, 2023",India,Australia,Australia,66 runs,Rajkot